date,open,high,low,close,volume,dividends,stock_splits
2020-01-02,32.65,32.65,32.28,32.4,7026544,0.0,0.0
2020-01-03,32.33,32.65,32.33,32.5,7550611,0.0,0.0
2020-01-06,32.48,32.64,32.38,32.55,7783203,0.0,0.0
2020-01-07,32.48,32.59,32.18,32.58,9501775,0.0,0.0
2020-01-08,32.58,32.94,32.55,32.82,8607579,0.0,0.0
2020-01-09,32.75,32.95,32.51,32.92,7459902,0.0,0.0
2020-01-10,33.02,33.12,32.9,33.0,8045377,0.0,0.0
2020-01-13,32.97,33.22,32.9,32.95,9328768,0.0,0.0
2020-01-14,32.87,32.88,32.5,32.67,8804139,0.0,0.0
2020-01-15,32.85,33.46,32.82,33.2,8239975,0.0,0.0
2020-01-16,33.27,33.54,33.2,33.34,8080988,0.0,0.0
2020-01-17,33.5,33.86,33.33,33.8,10607953,0.0,0.0
2020-01-21,33.84,33.96,33.69,33.94,7146555,0.0,0.0
2020-01-22,33.93,34.17,33.88,33.99,12269182,0.0,0.0
2020-01-23,34.0,34.24,33.84,34.2,8518552,0.0,0.0
2020-01-24,34.13,34.36,33.92,34.04,6731282,0.0,0.0
2020-01-27,34.07,34.36,33.66,33.72,7642442,0.0,0.0
2020-01-28,33.71,34.17,33.69,34.04,7176137,0.0,0.0
2020-01-29,33.99,34.44,33.94,34.1,9148190,0.0,0.0
2020-01-30,33.97,34.34,33.81,34.28,7347181,0.0,0.0
2020-01-31,34.24,34.35,33.7,33.94,9646741,0.0,0.0
2020-02-03,34.01,34.45,33.95,34.38,8584306,0.0,0.0
2020-02-04,34.32,34.6,34.16,34.3,8540143,0.0,0.0
2020-02-05,34.24,34.55,34.11,34.47,7098326,0.0,0.0
2020-02-06,34.49,34.64,34.38,34.42,5835825,0.0,0.0
2020-02-07,34.5,34.65,34.34,34.37,6773623,0.0,0.0
2020-02-10,34.44,34.49,34.28,34.46,5926815,0.0,0.0
2020-02-11,34.46,35.29,34.46,35.19,8674735,0.0,0.0
2020-02-12,35.26,35.39,34.96,35.14,7402139,0.0,0.0
2020-02-13,35.27,35.45,35.1,35.36,7242031,0.0,0.0
2020-02-14,35.38,35.51,35.19,35.49,5107626,0.0,0.0
2020-02-18,35.61,36.05,35.41,35.93,7238666,0.0,0.0
2020-02-19,35.54,35.69,35.24,35.38,5640947,0.27,0.0
2020-02-20,35.29,35.61,35.25,35.56,5250911,0.0,0.0
2020-02-21,35.55,35.69,35.41,35.46,10307925,0.0,0.0
2020-02-24,35.7,36.0,34.81,34.82,8397279,0.0,0.0
2020-02-25,34.79,34.86,33.89,33.97,10669500,0.0,0.0
2020-02-26,34.37,34.45,33.54,33.56,9675482,0.0,0.0
2020-02-27,33.6,33.62,32.18,32.2,11601830,0.0,0.0
2020-02-28,31.63,31.64,30.19,30.75,20859797,0.0,0.0
2020-03-02,30.81,32.41,30.6,32.4,13534628,0.0,0.0
2020-03-03,32.15,33.22,31.41,31.52,16336104,0.0,0.0
2020-03-04,31.82,33.43,31.75,33.4,11412000,0.0,0.0
2020-03-05,32.63,33.09,32.3,32.9,11901438,0.0,0.0
2020-03-06,31.39,32.36,31.07,32.22,13209083,0.0,0.0
2020-03-09,30.66,31.82,29.34,29.89,17452096,0.0,0.0
2020-03-10,30.44,31.16,29.16,30.76,18634262,0.0,0.0
2020-03-11,30.01,30.01,28.08,28.4,12817505,0.0,0.0
2020-03-12,26.75,27.27,24.55,25.16,18593745,0.0,0.0
2020-03-13,25.78,27.1,24.32,25.93,16002989,0.0,0.0
2020-03-16,23.66,25.39,21.24,21.76,12094493,0.0,0.0
2020-03-17,22.31,25.86,20.98,25.68,19085987,0.0,0.0
2020-03-18,24.14,24.77,22.05,23.57,13570939,0.0,0.0
2020-03-19,23.52,24.49,21.76,23.12,10488222,0.0,0.0
2020-03-20,23.3,23.88,21.98,22.11,12120290,0.0,0.0
2020-03-23,22.43,22.78,20.88,21.38,13594493,0.0,0.0
2020-03-24,22.44,24.66,22.37,24.61,15638329,0.0,0.0
2020-03-25,24.27,25.9,23.68,24.64,12643937,0.0,0.0
2020-03-26,24.66,26.38,24.44,26.1,9752592,0.0,0.0
2020-03-27,24.96,26.3,24.74,25.32,9277595,0.0,0.0
2020-03-30,25.46,26.73,25.32,26.55,10074912,0.0,0.0
2020-03-31,26.25,27.08,25.84,26.26,14844096,0.0,0.0
2020-04-01,25.11,25.52,23.5,23.88,8181371,0.0,0.0
2020-04-02,23.81,25.17,23.51,24.74,6045704,0.0,0.0
2020-04-03,24.39,24.57,23.1,23.36,8987381,0.0,0.0
2020-04-06,24.34,26.11,24.3,25.91,9670435,0.0,0.0
2020-04-07,26.79,27.03,25.43,25.53,8691559,0.0,0.0
2020-04-08,25.53,27.05,25.38,26.81,9259509,0.0,0.0
2020-04-09,27.08,28.41,27.08,27.92,13123982,0.0,0.0
2020-04-13,28.3,28.3,26.53,26.93,7913168,0.0,0.0
2020-04-14,27.72,27.92,27.18,27.87,7044069,0.0,0.0
2020-04-15,27.23,27.31,26.25,26.41,8279511,0.0,0.0
2020-04-16,26.5,26.83,25.98,26.46,6367183,0.0,0.0
2020-04-17,27.12,27.5,26.68,27.42,8010467,0.0,0.0
2020-04-20,26.86,27.0,26.41,26.44,6933311,0.0,0.0
2020-04-21,25.92,26.18,25.12,25.45,11058555,0.0,0.0
2020-04-22,26.16,26.82,25.69,26.53,5731656,0.0,0.0
2020-04-23,26.4,26.83,25.64,25.91,6435881,0.0,0.0
2020-04-24,26.11,26.32,25.58,26.11,7518926,0.0,0.0
2020-04-27,26.38,27.08,26.28,26.98,5787596,0.0,0.0
2020-04-28,27.16,27.84,26.8,26.99,8890643,0.0,0.0
2020-04-29,27.64,27.85,27.12,27.33,6436302,0.0,0.0
2020-04-30,27.07,27.72,26.16,26.45,6952378,0.0,0.0
2020-05-01,26.06,26.28,25.31,25.53,6808533,0.0,0.0
2020-05-04,25.54,25.57,24.86,25.29,8642769,0.0,0.0
2020-05-05,25.46,26.04,25.44,25.58,6779091,0.0,0.0
2020-05-06,25.68,25.72,24.56,24.59,7051499,0.0,0.0
2020-05-07,24.88,25.26,24.77,24.99,9224179,0.0,0.0
2020-05-08,25.17,26.73,25.09,26.7,11426580,0.0,0.0
2020-05-11,26.18,26.83,25.85,26.59,10123702,0.0,0.0
2020-05-12,26.36,26.79,26.2,26.27,10488082,0.0,0.0
2020-05-13,26.03,26.17,25.04,25.45,10290400,0.0,0.0
2020-05-14,25.17,25.93,24.73,25.75,8849985,0.27,0.0
2020-05-15,25.4,25.61,24.68,25.17,16426813,0.0,0.0
2020-05-18,25.91,26.99,25.69,26.78,8842975,0.0,0.0
2020-05-19,26.46,26.64,26.16,26.18,7440554,0.0,0.0
2020-05-20,26.31,26.73,26.28,26.37,6915365,0.0,0.0
2020-05-21,26.24,26.5,25.96,25.99,6106832,0.0,0.0
2020-05-22,25.93,26.31,25.88,26.28,4691793,0.0,0.0
2020-05-26,26.96,27.2,26.6,26.82,7994344,0.0,0.0
2020-05-27,27.25,27.48,26.66,27.06,8443966,0.0,0.0
2020-05-28,27.39,27.61,27.0,27.29,9833067,0.0,0.0
2020-05-29,27.37,27.56,26.78,27.33,9767033,0.0,0.0
2020-06-01,27.33,27.79,27.23,27.7,5354939,0.0,0.0
2020-06-02,27.77,27.86,27.37,27.77,5697728,0.0,0.0
2020-06-03,28.01,28.57,27.92,28.47,6408963,0.0,0.0
2020-06-04,28.44,28.45,27.55,27.8,8093466,0.0,0.0
2020-06-05,28.47,29.37,28.18,28.79,7827506,0.0,0.0
2020-06-08,29.01,29.93,28.76,29.86,7405224,0.0,0.0
2020-06-09,29.36,29.49,28.73,28.89,11501587,0.0,0.0
2020-06-10,29.19,29.24,28.32,28.53,11643610,0.0,0.0
2020-06-11,28.12,28.2,26.9,27.14,15589539,0.0,0.0
2020-06-12,27.58,27.7,26.7,27.04,10904896,0.0,0.0
2020-06-15,26.37,27.44,26.09,27.33,8544489,0.0,0.0
2020-06-16,28.01,28.35,27.26,27.52,7196746,0.0,0.0
2020-06-17,27.59,27.65,27.05,27.43,6830544,0.0,0.0
2020-06-18,27.2,27.3,26.97,27.25,6274371,0.0,0.0
2020-06-19,27.47,27.68,26.7,26.77,18706325,0.0,0.0
2020-06-22,26.63,26.99,26.43,26.8,6525889,0.0,0.0
2020-06-23,27.1,27.11,26.53,26.57,7668940,0.0,0.0
2020-06-24,26.26,26.51,25.85,26.01,9354845,0.0,0.0
2020-06-25,25.94,25.94,24.99,25.26,12826477,0.0,0.0
2020-06-26,25.28,25.39,24.6,24.76,14001073,0.0,0.0
2020-06-29,25.04,25.68,24.81,25.67,6802364,0.0,0.0
2020-06-30,25.46,26.08,25.39,25.88,7203055,0.0,0.0
2020-07-01,25.78,26.74,25.71,26.65,7950041,0.0,0.0
2020-07-02,26.77,27.13,26.65,26.73,6042199,0.0,0.0
2020-07-06,26.95,27.2,26.41,26.68,5343162,0.0,0.0
2020-07-07,26.33,26.45,26.05,26.39,6823254,0.0,0.0
2020-07-08,26.41,26.58,26.05,26.5,6196980,0.0,0.0
2020-07-09,26.33,26.41,25.6,26.12,7613140,0.0,0.0
2020-07-10,26.19,26.76,26.04,26.67,5419711,0.0,0.0
2020-07-13,26.64,26.91,26.46,26.73,7993924,0.0,0.0
2020-07-14,26.55,27.15,26.55,27.01,10156368,0.0,0.0
2020-07-15,27.18,27.52,27.04,27.14,7136040,0.0,0.0
2020-07-16,27.17,27.4,26.98,27.15,5829516,0.0,0.0
2020-07-17,27.57,28.19,27.39,28.1,9739273,0.0,0.0
2020-07-20,27.87,28.0,27.19,27.33,7623235,0.0,0.0
2020-07-21,27.43,27.76,27.2,27.62,9745302,0.0,0.0
2020-07-22,27.28,27.84,26.98,27.81,14618654,0.0,0.0
2020-07-23,27.85,28.03,27.4,27.56,8751564,0.0,0.0
2020-07-24,27.45,27.77,26.75,26.96,7607392,0.0,0.0
2020-07-27,26.98,27.1,26.42,26.8,8089680,0.0,0.0
2020-07-28,26.73,27.52,26.68,27.08,9613935,0.0,0.0
2020-07-29,27.12,27.51,26.96,27.5,7577950,0.0,0.0
2020-07-30,27.14,27.45,26.79,27.44,5959341,0.0,0.0
2020-07-31,27.33,27.55,27.07,27.54,12909616,0.0,0.0
2020-08-03,27.38,27.43,26.89,27.1,6623188,0.0,0.0
2020-08-04,26.79,27.77,26.63,27.64,9970744,0.0,0.0
2020-08-05,27.6,27.76,26.75,26.9,7412795,0.0,0.0
2020-08-06,26.85,27.07,26.64,27.03,6345172,0.0,0.0
2020-08-07,27.03,27.86,26.92,27.77,8779044,0.0,0.0
2020-08-10,27.77,28.02,27.07,27.33,10884848,0.0,0.0
2020-08-11,27.49,27.64,26.9,27.03,9081595,0.0,0.0
2020-08-12,27.1,27.77,27.04,27.61,6856481,0.0,0.0
2020-08-13,27.23,27.3,26.91,27.06,5741611,0.27,0.0
2020-08-14,26.93,27.12,26.78,27.05,4645807,0.0,0.0
2020-08-17,26.81,26.9,26.5,26.63,10733151,0.0,0.0
2020-08-18,26.69,26.83,26.31,26.44,5781287,0.0,0.0
2020-08-19,26.51,26.68,26.31,26.41,6435881,0.0,0.0
2020-08-20,26.53,26.56,25.88,25.9,5093606,0.0,0.0
2020-08-21,26.0,26.1,25.66,26.05,8883212,0.0,0.0
2020-08-24,26.26,26.92,26.06,26.88,8036404,0.0,0.0
2020-08-25,26.95,26.96,26.28,26.48,5350032,0.0,0.0
2020-08-26,26.4,26.6,26.07,26.59,9256845,0.0,0.0
2020-08-27,26.5,26.8,26.16,26.31,7669220,0.0,0.0
2020-08-28,26.32,26.43,26.14,26.42,5511262,0.0,0.0
2020-08-31,26.21,26.61,26.21,26.33,5585848,0.0,0.0
2020-09-01,26.18,26.21,25.76,25.91,6132068,0.0,0.0
2020-09-02,26.23,27.27,25.86,27.13,13431861,0.0,0.0
2020-09-03,27.13,27.35,26.28,26.6,11790820,0.0,0.0
2020-09-04,26.77,26.89,26.13,26.46,8397559,0.0,0.0
2020-09-08,26.23,26.46,25.73,25.98,8510701,0.0,0.0
2020-09-09,26.25,26.46,26.06,26.16,6263996,0.0,0.0
2020-09-10,26.16,26.16,25.48,25.56,8555004,0.0,0.0
2020-09-11,25.68,25.71,25.41,25.56,6451724,0.0,0.0
2020-09-14,25.46,26.03,25.42,25.86,5136788,0.0,0.0
2020-09-15,25.98,26.29,25.67,25.8,4641321,0.0,0.0
2020-09-16,25.74,26.23,25.61,25.86,7892699,0.0,0.0
2020-09-17,25.66,25.68,25.27,25.63,9933450,0.0,0.0
2020-09-18,25.65,25.68,24.85,25.01,11884754,0.0,0.0
2020-09-21,24.71,24.81,24.26,24.79,7313954,0.0,0.0
2020-09-22,24.9,25.24,24.83,25.11,6237358,0.0,0.0
2020-09-23,25.09,25.24,24.54,24.59,7070987,0.0,0.0
2020-09-24,24.47,25.07,24.23,24.83,6442050,0.0,0.0
2020-09-25,24.74,25.42,24.56,25.34,7285633,0.0,0.0
2020-09-28,25.55,25.84,25.42,25.49,6535423,0.0,0.0
2020-09-29,25.56,25.63,25.07,25.19,4595616,0.0,0.0
2020-09-30,25.43,25.76,25.33,25.51,9896998,0.0,0.0
2020-10-01,25.61,25.78,25.35,25.56,6627394,0.0,0.0
2020-10-02,25.36,25.82,25.12,25.63,7260537,0.0,0.0
2020-10-05,25.71,26.31,25.49,26.24,7007336,0.0,0.0
2020-10-06,26.18,26.98,26.17,26.51,8006682,0.0,0.0
2020-10-07,26.66,27.07,26.58,27.0,8730955,0.0,0.0
2020-10-08,26.7,28.07,26.7,28.05,9715159,0.0,0.0
2020-10-09,28.88,28.97,27.76,27.96,8432329,0.0,0.0
2020-10-12,27.97,28.74,27.88,28.52,8329142,0.0,0.0
2020-10-13,29.17,29.33,28.47,29.23,16998128,0.0,0.0
2020-10-14,29.48,29.78,29.23,29.27,12743199,0.0,0.0
2020-10-15,28.84,29.59,28.76,29.53,8298017,0.0,0.0
2020-10-16,29.53,30.08,29.37,30.02,9135993,0.0,0.0
2020-10-19,29.86,30.16,29.81,29.86,11562154,0.0,0.0
2020-10-20,30.11,30.43,29.99,30.24,8570566,0.0,0.0
2020-10-21,30.16,30.51,30.04,30.06,6996541,0.0,0.0
2020-10-22,30.01,30.16,29.66,30.12,6792410,0.0,0.0
2020-10-23,30.37,30.42,29.92,30.1,5808346,0.0,0.0
2020-10-26,29.54,29.79,29.27,29.74,8954153,0.0,0.0
2020-10-27,29.69,29.96,29.34,29.35,7283250,0.0,0.0
2020-10-28,28.79,29.12,28.12,28.22,8862883,0.0,0.0
2020-10-29,27.95,28.94,27.67,28.64,7670062,0.0,0.0
2020-10-30,28.33,28.71,28.15,28.45,9914523,0.0,0.0
2020-11-02,28.89,29.23,28.49,29.22,7099167,0.0,0.0
2020-11-03,30.47,30.66,29.69,30.29,9031404,0.0,0.0
2020-11-04,30.45,30.63,29.71,30.11,11246844,0.0,0.0
2020-11-05,30.29,30.93,30.18,30.72,10345638,0.0,0.0
2020-11-06,30.63,30.79,30.39,30.56,12405176,0.0,0.0
2020-11-09,31.68,32.82,30.75,30.9,11395456,0.0,0.0
2020-11-10,30.86,31.15,30.61,30.66,14047900,0.0,0.0
2020-11-11,30.81,31.28,30.58,31.27,8247545,0.0,0.0
2020-11-12,30.99,31.12,30.24,30.46,7596036,0.0,0.0
2020-11-13,30.46,30.63,30.32,30.59,5142957,0.27,0.0
2020-11-16,30.82,31.03,30.41,30.91,5763482,0.0,0.0
2020-11-17,30.58,31.06,30.53,30.72,6555892,0.0,0.0
2020-11-18,30.81,30.94,30.44,30.46,8074679,0.0,0.0
2020-11-19,30.29,30.37,29.8,30.21,7538133,0.0,0.0
2020-11-20,30.13,30.36,29.8,29.86,5706000,0.0,0.0
2020-11-23,30.16,30.17,29.53,29.65,6131927,0.0,0.0
2020-11-24,30.0,30.53,29.86,30.49,6744461,0.0,0.0
2020-11-25,30.29,30.36,29.8,30.11,4723198,0.0,0.0
2020-11-27,30.13,30.18,29.66,29.77,2416207,0.0,0.0
2020-11-30,29.59,29.61,29.19,29.29,13242871,0.0,0.0
2020-12-01,29.47,29.87,29.32,29.42,7997569,0.0,0.0
2020-12-02,29.33,29.68,29.04,29.65,7224085,0.0,0.0
2020-12-03,29.46,29.71,29.1,29.28,6114683,0.0,0.0
2020-12-04,29.46,29.49,28.91,29.19,4971913,0.0,0.0
2020-12-07,29.03,29.56,29.0,29.39,4536451,0.0,0.0
2020-12-08,29.37,29.52,28.97,29.47,5791241,0.0,0.0
2020-12-09,29.44,29.58,29.22,29.31,6158145,0.0,0.0
2020-12-10,29.43,29.51,28.92,29.39,6163332,0.0,0.0
2020-12-11,29.12,29.45,29.04,29.38,4952425,0.0,0.0
2020-12-14,29.59,30.02,29.27,29.29,5643891,0.0,0.0
2020-12-15,29.56,30.55,29.44,30.47,11635338,0.0,0.0
2020-12-16,30.53,30.75,30.09,30.27,10632067,0.0,0.0
2020-12-17,30.39,30.76,30.39,30.42,7331899,0.0,0.0
2020-12-18,30.45,30.69,30.2,30.36,12856200,0.0,0.0
2020-12-21,30.11,30.11,29.32,29.61,6172585,0.0,0.0
2020-12-22,29.66,29.94,29.59,29.79,4375081,0.0,0.0
2020-12-23,29.91,30.26,29.71,29.75,4658706,0.0,0.0
2020-12-24,29.92,29.92,29.54,29.84,2070333,0.0,0.0
2020-12-28,30.07,30.41,29.95,30.11,3568230,0.0,0.0
2020-12-29,30.11,30.27,29.72,29.84,3712356,0.0,0.0
2020-12-30,29.8,30.14,29.76,29.91,3549163,0.0,0.0
2020-12-31,29.92,30.16,29.75,30.11,4554257,0.0,0.0
2021-01-04,30.26,30.34,29.14,29.37,7057107,0.0,0.0
2021-01-05,29.39,29.58,29.13,29.32,5563557,0.0,0.0
2021-01-06,29.53,30.53,29.47,30.28,8847461,0.0,0.0
2021-01-07,30.28,30.36,29.76,29.98,7322786,0.0,0.0
2021-01-08,29.96,30.25,29.89,30.11,6425086,0.0,0.0
2021-01-11,30.14,30.36,29.68,29.86,7070146,0.0,0.0
2021-01-12,29.79,30.09,29.54,30.01,7343396,0.0,0.0
2021-01-13,29.96,30.63,29.92,30.53,6263155,0.0,0.0
2021-01-14,30.52,30.68,30.19,30.37,6068557,0.0,0.0
2021-01-15,30.19,31.01,30.06,30.93,7095382,0.0,0.0
2021-01-19,31.03,31.13,30.54,30.54,5806383,0.0,0.0
2021-01-20,30.43,30.76,30.27,30.71,5904663,0.0,0.0
2021-01-21,30.53,30.87,30.31,30.68,5138751,0.0,0.0
2021-01-22,30.54,30.63,30.23,30.34,5874100,0.0,0.0
2021-01-25,30.25,30.96,30.01,30.92,8490232,0.0,0.0
2021-01-26,30.87,30.87,30.28,30.56,6246891,0.0,0.0
2021-01-27,30.35,30.55,29.2,29.26,10024861,0.0,0.0
2021-01-28,29.37,30.56,29.24,29.99,7455275,0.0,0.0
2021-01-29,29.68,29.95,29.24,29.64,9616178,0.0,0.0
2021-02-01,29.86,30.19,29.4,30.01,5117580,0.0,0.0
2021-02-02,30.29,30.98,30.01,30.56,5452799,0.0,0.0
2021-02-03,30.56,30.61,30.09,30.3,6773623,0.0,0.0
2021-02-04,30.31,31.16,30.23,31.15,6345873,0.0,0.0
2021-02-05,31.36,31.41,30.88,31.16,5577717,0.0,0.0
2021-02-08,31.21,31.36,31.03,31.2,6049209,0.0,0.0
2021-02-09,31.33,31.38,30.89,31.08,6179876,0.0,0.0
2021-02-10,31.26,31.3,30.71,30.9,5971118,0.0,0.0
2021-02-11,30.99,30.99,30.43,30.49,4844050,0.0,0.0
2021-02-12,30.4,30.65,29.96,30.11,4825684,0.0,0.0
2021-02-16,30.06,30.24,29.87,29.94,4501121,0.0,0.0
2021-02-17,29.91,30.17,29.61,30.08,4434526,0.0,0.0
2021-02-18,30.06,30.66,30.0,30.46,4895924,0.0,0.0
2021-02-19,29.96,30.17,29.38,29.51,7477847,0.0,0.0
2021-02-22,29.38,29.39,28.65,28.96,8769931,0.0,0.0
2021-02-23,29.14,29.27,28.77,29.1,7161696,0.0,0.0
2021-02-24,28.55,29.43,28.53,28.67,10911345,0.0,0.0
2021-02-25,28.47,28.53,27.35,27.76,12977333,0.0,0.0
2021-02-26,27.85,28.16,27.51,27.53,12291334,0.0,0.0
2021-03-01,27.85,28.45,27.82,28.04,7502523,0.0,0.0
2021-03-02,28.02,28.32,28.01,28.04,8090101,0.0,0.0
2021-03-03,27.9,28.35,27.71,28.2,8686091,0.0,0.0
2021-03-04,28.35,28.91,28.05,28.37,11423776,0.0,0.0
2021-03-05,28.2,28.37,27.91,28.27,10990839,0.27,0.0
2021-03-08,28.24,29.37,28.14,29.02,12526730,0.0,0.0
2021-03-09,29.26,29.75,28.92,29.62,10012523,0.0,0.0
2021-03-10,29.73,30.01,29.44,29.86,10598279,0.0,0.0
2021-03-11,29.81,30.46,29.74,29.98,8443685,0.0,0.0
2021-03-12,30.21,30.44,29.99,30.38,6687260,0.0,0.0
2021-03-15,30.58,30.95,30.42,30.93,7007336,0.0,0.0
2021-03-16,30.74,31.04,30.56,30.93,7854845,0.0,0.0
2021-03-17,31.02,31.02,30.49,30.65,7675389,0.0,0.0
2021-03-18,30.47,30.88,30.33,30.46,8114355,0.0,0.0
2021-03-19,30.56,30.84,30.09,30.65,11841572,0.0,0.0
2021-03-22,30.49,30.66,30.31,30.52,7443218,0.0,0.0
2021-03-23,30.58,30.77,30.34,30.53,6781194,0.0,0.0
2021-03-24,30.45,30.98,30.41,30.62,6212542,0.0,0.0
2021-03-25,30.88,31.08,30.54,30.93,5877044,0.0,0.0
2021-03-26,31.02,31.13,30.68,31.05,5602532,0.0,0.0
2021-03-29,30.85,31.37,30.85,31.21,6158005,0.0,0.0
2021-03-30,31.05,31.13,30.73,31.03,6022011,0.0,0.0
2021-03-31,30.93,31.31,30.88,31.2,8414524,0.0,0.0
2021-04-01,31.18,31.37,31.03,31.32,5773716,0.0,0.0
2021-04-05,31.39,31.92,31.35,31.73,6254883,0.0,0.0
2021-04-06,31.64,31.9,31.51,31.78,5674315,0.0,0.0
2021-04-07,31.87,32.15,31.81,32.06,6451864,0.0,0.0
2021-04-08,32.14,32.3,32.0,32.03,8359145,0.0,0.0
2021-04-09,32.0,32.18,31.9,31.98,6180296,0.0,0.0
2021-04-12,32.1,32.24,31.83,31.91,6505280,0.0,0.0
2021-04-13,31.81,32.33,31.74,32.22,7324889,0.0,0.0
2021-04-14,32.26,32.43,32.13,32.42,5405411,0.0,0.0
2021-04-15,32.4,32.7,32.29,32.65,8309654,0.0,0.0
2021-04-16,32.82,33.07,32.67,32.92,6949574,0.0,0.0
2021-04-19,32.96,33.01,32.4,32.45,6734787,0.0,0.0
2021-04-20,32.39,32.75,32.39,32.67,8702635,0.0,0.0
2021-04-21,32.65,32.81,32.45,32.58,6731563,0.0,0.0
2021-04-22,32.61,32.62,32.11,32.15,6306617,0.0,0.0
2021-04-23,32.2,32.3,32.01,32.03,6089867,0.0,0.0
2021-04-26,32.03,32.09,31.79,31.85,4333442,0.0,0.0
2021-04-27,31.85,31.92,31.66,31.77,5104542,0.0,0.0
2021-04-28,31.69,31.85,31.55,31.82,6548602,0.0,0.0
2021-04-29,31.65,32.17,31.65,32.02,6000700,0.0,0.0
2021-04-30,32.02,32.08,31.83,32.05,7245676,0.0,0.0
2021-05-03,32.27,32.42,31.95,32.02,6877651,0.0,0.0
2021-05-04,32.0,32.08,31.73,31.94,9035469,0.0,0.0
2021-05-05,31.57,31.99,30.67,31.05,11871996,0.0,0.0
2021-05-06,31.03,31.75,30.77,31.73,6996681,0.0,0.0
2021-05-07,31.8,32.2,31.68,31.87,6813019,0.0,0.0
2021-05-10,31.99,32.23,31.73,31.75,9615337,0.0,0.0
2021-05-11,31.85,31.94,31.26,31.7,8099775,0.0,0.0
2021-05-12,31.48,31.8,30.63,30.75,9175109,0.0,0.0
2021-05-13,30.61,31.75,30.53,31.68,10308485,0.27,0.0
2021-05-14,31.78,32.2,31.7,32.16,8367136,0.0,0.0
2021-05-17,32.09,32.28,31.88,32.16,10440133,0.0,0.0
2021-05-18,32.1,32.62,32.02,32.56,11618094,0.0,0.0
2021-05-19,32.46,32.91,32.14,32.48,21836290,0.0,0.0
2021-05-20,32.48,32.83,32.42,32.62,7008177,0.0,0.0
2021-05-21,32.76,32.91,32.43,32.7,7028927,0.0,0.0
2021-05-24,32.82,33.0,32.6,32.83,7096644,0.0,0.0
2021-05-25,32.9,32.9,31.96,32.03,7094400,0.0,0.0
2021-05-26,32.03,32.39,32.0,32.22,8287643,0.0,0.0
2021-05-27,32.43,32.43,31.78,31.81,11264649,0.0,0.0
2021-05-28,32.02,32.29,31.92,32.18,6815963,0.0,0.0
2021-06-01,32.09,32.28,31.98,32.2,7371015,0.0,0.0
2021-06-02,32.28,32.47,32.1,32.24,5738106,0.0,0.0
2021-06-03,31.29,32.74,31.21,32.65,10669781,0.0,0.0
2021-06-04,32.57,32.73,32.43,32.52,5791662,0.0,0.0
2021-06-07,32.57,32.75,32.51,32.71,4829750,0.0,0.0
2021-06-08,32.74,32.79,32.55,32.63,5589634,0.0,0.0
2021-06-09,32.8,33.13,32.62,33.07,5777922,0.0,0.0
2021-06-10,33.32,33.5,33.08,33.32,7587344,0.0,0.0
2021-06-11,33.28,33.47,33.14,33.46,6427189,0.0,0.0
2021-06-14,33.51,33.62,33.18,33.6,6991634,0.0,0.0
2021-06-15,33.67,33.69,33.47,33.6,9044723,0.0,0.0
2021-06-16,33.54,33.78,32.77,32.95,8575473,0.0,0.0
2021-06-17,32.98,33.24,32.8,32.81,6573838,0.0,0.0
2021-06-18,32.7,32.73,31.73,31.78,16531543,0.0,0.0
2021-06-21,31.79,32.05,31.74,31.89,7466772,0.0,0.0
2021-06-22,31.82,31.9,31.58,31.62,5861482,0.0,0.0
2021-06-23,31.58,31.61,31.26,31.49,5865127,0.0,0.0
2021-06-24,31.53,31.7,31.41,31.55,4506869,0.0,0.0
2021-06-25,31.47,31.9,31.46,31.83,5297597,0.0,0.0
2021-06-28,31.93,32.12,31.82,32.0,4368772,0.0,0.0
2021-06-29,31.97,32.39,31.65,31.78,5243480,0.0,0.0
2021-06-30,31.79,31.9,31.51,31.6,5401906,0.0,0.0
2021-07-01,31.7,32.16,31.57,32.08,4346060,0.0,0.0
2021-07-02,32.13,32.23,31.95,32.19,3287970,0.0,0.0
2021-07-06,32.03,32.11,31.55,32.01,5688194,0.0,0.0
2021-07-07,32.05,32.23,31.81,32.19,4326993,0.0,0.0
2021-07-08,32.02,32.23,31.87,32.05,4349144,0.0,0.0
2021-07-09,31.98,32.18,31.78,32.03,4222964,0.0,0.0
2021-07-12,32.02,32.31,31.87,32.3,5112673,0.0,0.0
2021-07-13,32.23,32.31,31.83,31.95,3816945,0.0,0.0
2021-07-14,32.06,32.45,31.85,32.2,5203102,0.0,0.0
2021-07-15,32.05,32.66,32.03,32.62,6530516,0.0,0.0
2021-07-16,32.65,33.02,32.61,32.8,5339797,0.0,0.0
2021-07-19,32.77,32.85,31.91,32.33,11379754,0.0,0.0
2021-07-20,32.5,33.11,32.31,32.85,6796896,0.0,0.0
2021-07-21,32.77,33.01,32.66,32.7,5217823,0.0,0.0
2021-07-22,32.73,32.89,32.67,32.82,4129311,0.0,0.0
2021-07-23,32.96,33.27,32.87,33.18,3537246,0.0,0.0
2021-07-26,33.17,33.45,32.92,33.1,6401392,0.0,0.0
2021-07-27,32.97,33.78,32.89,33.69,5058416,0.0,0.0
2021-07-28,33.6,33.8,33.24,33.51,5365594,0.0,0.0
2021-07-29,33.64,33.87,33.58,33.75,4389802,0.0,0.0
2021-07-30,33.69,33.97,33.32,33.38,5109589,0.0,0.0
2021-08-02,33.57,33.81,33.38,33.54,5409757,0.0,0.0
2021-08-03,33.84,33.93,33.55,33.79,6120431,0.0,0.0
2021-08-04,33.67,33.79,33.11,33.36,5471305,0.0,0.0
2021-08-05,33.4,34.07,33.39,34.0,5778063,0.0,0.0
2021-08-06,33.93,34.15,33.74,33.95,4871670,0.0,0.0
2021-08-09,33.89,33.95,33.59,33.83,3673100,0.0,0.0
2021-08-10,33.84,34.11,33.68,33.93,4927890,0.0,0.0
2021-08-11,34.06,34.42,34.0,34.38,5103000,0.0,0.0
2021-08-12,34.28,34.36,34.07,34.26,5343162,0.27,0.0
2021-08-13,34.39,34.52,34.27,34.49,3082297,0.0,0.0
2021-08-16,34.59,35.02,34.53,34.65,8814234,0.0,0.0
2021-08-17,34.49,34.53,34.05,34.49,6716001,0.0,0.0
2021-08-18,34.46,34.55,34.21,34.39,7270211,0.0,0.0
2021-08-19,34.47,35.02,34.44,34.8,5555145,0.0,0.0
2021-08-20,34.76,35.25,34.56,35.21,9351480,0.0,0.0
2021-08-23,35.07,35.27,34.82,34.99,5167632,0.0,0.0
2021-08-24,35.04,35.04,34.6,34.89,4648752,0.0,0.0
2021-08-25,34.84,34.99,34.74,34.87,6828020,0.0,0.0
2021-08-26,34.94,34.95,34.73,34.79,3746004,0.0,0.0
2021-08-27,34.86,35.24,34.86,35.01,5314561,0.0,0.0
2021-08-30,34.97,35.25,34.89,35.13,4157911,0.0,0.0
2021-08-31,35.02,35.09,34.79,34.96,8694503,0.0,0.0
2021-09-01,35.03,35.44,34.9,35.38,5718758,0.0,0.0
2021-09-02,35.4,35.91,35.35,35.73,7090054,0.0,0.0
2021-09-03,35.5,35.81,35.29,35.53,4956491,0.0,0.0
2021-09-07,35.45,35.6,35.22,35.31,6870080,0.0,0.0
2021-09-08,35.32,36.11,35.18,35.92,7435787,0.0,0.0
2021-09-09,35.76,36.11,35.65,35.83,6785119,0.0,0.0
2021-09-10,35.93,36.05,35.57,35.6,8207729,0.0,0.0
2021-09-13,35.96,36.37,35.81,36.06,9061827,0.0,0.0
2021-09-14,36.36,36.36,35.81,35.93,8252452,0.0,0.0
2021-09-15,35.93,36.33,35.7,36.27,10880081,0.0,0.0
2021-09-16,36.15,36.18,35.76,35.79,8198475,0.0,0.0
2021-09-17,35.81,36.21,35.34,35.56,18571172,0.0,0.0
2021-09-20,35.49,35.81,34.98,35.46,8676978,0.0,0.0
2021-09-21,35.46,35.53,34.94,34.96,6820029,0.0,0.0
2021-09-22,35.16,35.44,34.87,35.22,6990652,0.0,0.0
2021-09-23,35.22,35.86,35.07,35.41,5726329,0.0,0.0
2021-09-24,35.26,35.56,35.01,35.12,5457846,0.0,0.0
2021-09-27,35.16,35.52,34.82,34.87,6415412,0.0,0.0
2021-09-28,34.66,34.86,34.33,34.38,7478969,0.0,0.0
2021-09-29,34.42,34.9,34.29,34.69,7890316,0.0,0.0
2021-09-30,34.69,34.86,34.27,34.48,9699457,0.0,0.0
2021-10-01,34.54,34.74,34.04,34.09,7948639,0.0,0.0
2021-10-04,34.04,34.56,33.93,34.49,10789091,0.0,0.0
2021-10-05,34.6,34.87,34.22,34.48,8354798,0.0,0.0
2021-10-06,34.3,35.04,34.07,35.03,7043928,0.0,0.0
2021-10-07,35.1,35.19,34.65,34.74,6942283,0.0,0.0
2021-10-08,34.74,34.88,34.43,34.49,4670763,0.0,0.0
2021-10-11,34.53,34.53,33.88,33.93,4388961,0.0,0.0
2021-10-12,34.04,34.56,33.92,34.44,6209458,0.0,0.0
2021-10-13,34.53,35.04,34.37,35.01,7502663,0.0,0.0
2021-10-14,35.14,35.83,35.04,35.76,8709645,0.0,0.0
2021-10-15,35.83,36.13,35.5,35.53,8107766,0.0,0.0
2021-10-18,35.26,35.63,35.08,35.58,5260725,0.0,0.0
2021-10-19,35.74,35.93,35.58,35.89,4798205,0.0,0.0
2021-10-20,35.89,36.58,35.86,36.53,5985418,0.0,0.0
2021-10-21,36.29,36.56,36.23,36.43,4279465,0.0,0.0
2021-10-22,36.55,36.74,36.44,36.6,4799887,0.0,0.0
2021-10-25,36.53,36.97,36.44,36.8,4730628,0.0,0.0
2021-10-26,36.94,37.3,36.82,37.1,5232544,0.0,0.0
2021-10-27,37.0,37.3,36.75,37.08,5983596,0.0,0.0
2021-10-28,37.09,37.66,37.07,37.62,7313393,0.0,0.0
2021-10-29,37.57,38.19,37.51,37.94,9314888,0.0,0.0
2021-11-01,37.82,38.54,37.5,38.44,8144639,0.0,0.0
2021-11-02,38.48,38.64,38.1,38.33,8233806,0.0,0.0
2021-11-03,38.54,39.02,38.12,38.55,7172492,0.0,0.0
2021-11-04,38.53,38.64,38.16,38.59,8786334,0.0,0.0
2021-11-05,38.64,38.98,38.57,38.62,6544256,0.0,0.0
2021-11-08,38.59,38.69,37.54,37.89,7094400,0.0,0.0
2021-11-09,37.98,38.67,37.89,38.58,7800167,0.0,0.0
2021-11-10,38.54,38.88,38.36,38.84,5144499,0.0,0.0
2021-11-11,38.79,39.04,38.52,39.02,6128703,0.0,0.0
2021-11-12,38.73,39.07,38.64,38.8,7941489,0.27,0.0
2021-11-15,38.84,39.08,38.54,39.07,4804374,0.0,0.0
2021-11-16,39.08,39.13,38.65,38.69,5146041,0.0,0.0
2021-11-17,38.62,38.72,38.04,38.22,9369566,0.0,0.0
2021-11-18,38.12,38.42,37.94,38.19,6243386,0.0,0.0
2021-11-19,38.2,38.37,37.96,38.24,6107673,0.0,0.0
2021-11-22,38.24,38.94,38.19,38.49,6248994,0.0,0.0
2021-11-23,38.36,38.87,38.36,38.79,4952144,0.0,0.0
2021-11-24,38.76,38.99,38.52,38.88,4122160,0.0,0.0
2021-11-26,38.73,38.74,38.02,38.11,4222964,0.0,0.0
2021-11-29,38.33,38.77,38.11,38.64,5972380,0.0,0.0
2021-11-30,38.42,38.46,37.3,37.61,14721140,0.0,0.0
2021-12-01,37.98,38.33,37.25,37.3,8364332,0.0,0.0
2021-12-02,37.56,38.17,37.54,37.75,10169267,0.0,0.0
2021-12-03,38.04,38.12,36.9,37.62,11724365,0.0,0.0
2021-12-06,38.0,38.6,37.83,38.18,8585147,0.0,0.0
2021-12-07,38.12,38.72,38.1,38.46,9251798,0.0,0.0
2021-12-08,38.66,38.74,37.86,38.11,7298391,0.0,0.0
2021-12-09,38.03,38.21,37.65,37.9,7424151,0.0,0.0
2021-12-10,38.17,38.51,37.92,38.45,6183521,0.0,0.0
2021-12-13,38.39,38.79,38.15,38.62,10181885,0.0,0.0
2021-12-14,38.45,38.76,38.15,38.41,6859986,0.0,0.0
2021-12-15,38.52,39.06,38.35,39.01,6540190,0.0,0.0
2021-12-16,38.95,39.22,38.72,38.77,9132067,0.0,0.0
2021-12-17,38.35,38.82,37.95,38.17,17821663,0.0,0.0
2021-12-20,37.75,38.16,37.04,38.09,9315168,0.0,0.0
2021-12-21,38.4,38.72,38.05,38.47,6426768,0.0,0.0
2021-12-22,38.32,38.84,38.28,38.78,6015982,0.0,0.0
2021-12-23,38.84,39.15,38.79,38.87,4988737,0.0,0.0
2021-12-27,38.87,39.13,38.78,39.09,2974203,0.0,0.0
2021-12-28,39.12,39.69,39.08,39.66,4586082,0.0,0.0
2021-12-29,39.8,40.58,39.78,40.41,6610570,0.0,0.0
2021-12-30,40.41,41.02,40.39,40.91,8381577,0.0,0.0
2021-12-31,40.59,41.38,40.59,41.2,5549537,0.0,0.0
2022-01-03,40.73,40.77,39.76,40.71,14899334,0.0,0.0
2022-01-04,40.37,41.11,40.37,40.66,12404756,0.0,0.0
2022-01-05,40.66,41.24,40.56,40.63,13295867,0.0,0.0
2022-01-06,40.57,40.74,40.36,40.46,7993924,0.0,0.0
2022-01-07,40.46,40.79,40.11,40.4,11806803,0.0,0.0
2022-01-10,40.48,40.68,40.12,40.53,12321757,0.0,0.0
2022-01-11,40.49,40.54,39.31,39.67,13442797,0.0,0.0
2022-01-12,39.58,39.98,39.41,39.94,12623328,0.0,0.0
2022-01-13,40.24,40.61,40.1,40.29,14125430,0.0,0.0
2022-01-14,40.3,40.39,39.96,40.11,10372417,0.0,0.0
2022-01-18,39.54,40.11,39.47,39.97,14399521,0.0,0.0
2022-01-19,39.99,40.57,39.94,40.29,12501354,0.0,0.0
2022-01-20,40.51,41.32,40.33,40.64,11848442,0.0,0.0
2022-01-21,40.83,40.98,40.29,40.49,13227029,0.0,0.0
2022-01-24,40.7,40.79,38.98,40.01,14614728,0.0,0.0
2022-01-25,39.68,40.0,39.35,39.56,11167351,0.0,0.0
2022-01-26,39.69,40.3,39.44,39.73,11772454,0.0,0.0
2022-01-27,40.01,40.76,39.66,40.04,15545937,0.0,0.0
2022-01-28,39.89,40.92,39.61,40.89,11840871,0.0,0.0
2022-01-31,40.48,41.37,40.41,41.33,13534347,0.0,0.0
2022-02-01,41.13,41.52,40.61,41.25,10562948,0.0,0.0
2022-02-02,41.06,43.09,40.8,42.86,29696500,0.0,1.4
2022-02-03,42.19,44.02,42.19,43.79,25588400,0.0,0.0
2022-02-04,42.67,43.9,42.62,43.52,17454600,0.0,0.0
2022-02-07,43.1,43.74,43.04,43.64,14388000,0.0,0.0
2022-02-08,43.88,44.02,42.96,43.02,14755400,0.0,0.0
2022-02-09,43.16,43.49,42.54,42.6,10408500,0.0,0.0
2022-02-10,42.21,42.91,41.96,42.04,11356500,0.0,0.0
2022-02-11,42.12,42.74,41.99,42.13,11253700,0.0,0.0
2022-02-14,42.27,42.35,41.28,42.2,13118500,0.0,0.0
2022-02-15,42.33,42.51,41.43,41.74,10471900,0.0,0.0
2022-02-16,41.96,42.29,41.56,42.0,9731500,0.0,0.0
2022-02-17,41.85,42.01,41.43,41.75,7960000,0.0,0.0
2022-02-18,41.99,41.99,41.45,41.63,8963800,0.0,0.0
2022-02-22,41.73,41.96,41.36,41.65,11475100,0.0,0.0
2022-02-23,41.72,41.89,40.81,40.97,8161900,0.0,0.0
2022-02-24,40.84,41.4,40.11,41.3,11997700,0.34,0.0
2022-02-25,41.34,42.68,41.29,42.6,7981400,0.0,0.0
2022-02-28,42.15,42.85,41.9,42.56,13253600,0.0,0.0
2022-03-01,42.0,42.65,41.87,42.23,8039100,0.0,0.0
2022-03-02,42.34,43.03,42.14,42.76,7133700,0.0,0.0
2022-03-03,42.8,43.31,42.77,43.13,7236200,0.0,0.0
2022-03-04,42.88,44.28,42.54,44.28,9041500,0.0,0.0
2022-03-07,44.17,44.73,43.77,43.83,10065200,0.0,0.0
2022-03-08,44.16,44.29,43.1,43.49,8624200,0.0,0.0
2022-03-09,43.74,43.92,43.26,43.55,8573000,0.0,0.0
2022-03-10,43.31,43.81,43.14,43.6,9859100,0.0,0.0
2022-03-11,44.24,44.4,43.59,43.63,6407400,0.0,0.0
2022-03-14,43.7,44.12,43.52,43.58,6793400,0.0,0.0
2022-03-15,43.89,44.02,43.27,43.76,6385000,0.0,0.0
2022-03-16,43.64,44.09,42.71,43.44,8718600,0.0,0.0
2022-03-17,43.47,43.75,43.31,43.45,7454400,0.0,0.0
2022-03-18,43.31,43.53,42.86,43.25,13086000,0.0,0.0
2022-03-21,43.29,43.71,43.21,43.66,8522100,0.0,0.0
2022-03-22,43.81,43.99,43.35,43.63,5690300,0.0,0.0
2022-03-23,43.62,44.01,43.05,43.7,7221300,0.0,0.0
2022-03-24,43.84,44.57,43.78,44.47,4872800,0.0,0.0
2022-03-25,44.47,45.55,44.42,45.51,5698500,0.0,0.0
2022-03-28,45.58,46.03,45.32,46.02,9274700,0.0,0.0
2022-03-29,46.01,47.02,46.01,46.99,8463700,0.0,0.0
2022-03-30,46.95,47.25,46.79,47.23,6125800,0.0,0.0
2022-03-31,47.4,48.03,47.31,47.63,8196400,0.0,0.0
2022-04-01,47.6,47.83,47.29,47.66,10273500,0.0,0.0
2022-04-04,47.75,47.79,46.83,47.34,6212500,0.0,0.0
2022-04-05,47.33,48.18,47.33,47.8,8562500,0.0,0.0
2022-04-06,48.06,49.84,47.91,49.71,12439400,0.0,0.0
2022-04-07,49.5,50.13,49.27,50.02,13463900,0.0,0.0
2022-04-08,50.11,50.29,49.25,50.13,6020600,0.0,0.0
2022-04-11,49.93,50.14,48.17,48.24,7488300,0.0,0.0
2022-04-12,48.17,48.67,47.76,48.05,7535500,0.0,0.0
2022-04-13,48.06,48.72,47.97,48.64,7015500,0.0,0.0
2022-04-14,48.88,49.35,48.64,49.03,6493600,0.0,0.0
2022-04-18,49.03,49.38,48.82,49.23,5408000,0.0,0.0
2022-04-19,49.33,49.6,49.11,49.5,4314200,0.0,0.0
2022-04-20,50.15,50.66,50.01,50.25,6193300,0.0,0.0
2022-04-21,50.02,50.71,49.7,49.74,5337300,0.0,0.0
2022-04-22,49.68,49.86,48.56,48.65,7508400,0.0,0.0
2022-04-25,48.65,48.95,47.49,48.77,6257100,0.0,0.0
2022-04-26,48.37,49.34,48.27,48.42,4844600,0.0,0.0
2022-04-27,48.5,48.85,47.74,47.79,6906400,0.0,0.0
2022-04-28,47.85,48.5,47.57,48.34,6496100,0.0,0.0
2022-04-29,48.16,48.3,46.71,46.78,7185300,0.0,0.0
2022-05-02,46.87,47.3,46.07,46.65,6330100,0.0,0.0
2022-05-03,46.85,47.63,46.54,46.69,4514800,0.0,0.0
2022-05-04,47.24,47.95,46.8,47.92,8198300,0.0,0.0
2022-05-05,47.64,47.68,46.45,46.9,7051500,0.0,0.0
2022-05-06,46.86,47.32,46.49,47.06,10963600,0.0,0.0
2022-05-09,47.06,47.19,46.28,46.73,6465900,0.0,0.0
2022-05-10,47.22,48.01,46.22,46.76,8876100,0.0,0.0
2022-05-11,46.71,48.36,46.6,47.62,9406200,0.0,0.0
2022-05-12,47.34,47.7,45.4,45.85,12044400,0.34,0.0
2022-05-13,46.16,46.77,45.85,46.73,5592700,0.0,0.0
2022-05-16,46.86,47.26,46.41,46.87,4707500,0.0,0.0
2022-05-17,47.0,47.56,46.37,47.54,5123400,0.0,0.0
2022-05-18,47.63,47.89,46.95,47.13,6946200,0.0,0.0
2022-05-19,47.06,47.52,46.42,47.35,5821500,0.0,0.0
2022-05-20,47.37,47.62,46.35,47.15,6175900,0.0,0.0
2022-05-23,47.8,48.15,47.41,47.89,4333200,0.0,0.0
2022-05-24,47.9,49.02,47.48,48.83,6421600,0.0,0.0
2022-05-25,48.83,49.19,48.66,49.02,5183600,0.0,0.0
2022-05-26,49.05,49.5,49.01,49.16,5005300,0.0,0.0
2022-05-27,49.04,49.86,48.94,49.85,5224800,0.0,0.0
2022-05-31,49.47,49.68,48.86,49.15,12224700,0.0,0.0
2022-06-01,49.5,49.5,48.69,49.19,4850800,0.0,0.0
2022-06-02,49.48,49.49,48.08,48.99,5221800,0.0,0.0
2022-06-03,48.74,49.2,48.67,48.73,4445100,0.0,0.0
2022-06-06,49.1,49.14,48.44,48.55,4454900,0.0,0.0
2022-06-07,48.59,49.13,48.3,49.05,4058900,0.0,0.0
2022-06-08,48.93,49.23,48.06,48.17,5527100,0.0,0.0
2022-06-09,47.92,48.15,46.53,46.66,5264400,0.0,0.0
2022-06-10,46.12,46.42,45.7,46.01,6626500,0.0,0.0
2022-06-13,45.26,45.44,43.52,43.68,8093700,0.0,0.0
2022-06-14,43.81,43.91,41.73,42.31,9114100,0.0,0.0
2022-06-15,42.66,43.04,41.65,42.26,7565600,0.0,0.0
2022-06-16,41.51,41.73,40.77,41.22,7851100,0.0,0.0
2022-06-17,41.39,41.61,40.17,40.91,14637800,0.0,0.0
2022-06-21,41.23,41.89,41.01,41.6,6421700,0.0,0.0
2022-06-22,41.27,42.17,41.11,41.69,5921700,0.0,0.0
2022-06-23,41.95,42.42,41.81,42.23,4917900,0.0,0.0
2022-06-24,42.31,43.36,42.11,43.29,7172500,0.0,0.0
2022-06-27,43.21,44.16,43.09,43.89,4465400,0.0,0.0
2022-06-28,43.97,44.41,43.6,43.88,5864300,0.0,0.0
2022-06-29,43.94,44.47,43.93,44.34,4833500,0.0,0.0
2022-06-30,44.15,45.66,43.88,45.32,10676400,0.0,0.0
2022-07-01,45.2,46.13,45.14,46.07,7685400,0.0,0.0
2022-07-05,45.84,45.9,42.75,43.62,8064900,0.0,0.0
2022-07-06,44.14,44.71,43.54,44.26,4615800,0.0,0.0
2022-07-07,44.81,45.13,44.35,44.39,4554200,0.0,0.0
2022-07-08,44.56,44.7,44.01,44.29,3449700,0.0,0.0
2022-07-11,44.24,44.54,43.74,44.43,3848100,0.0,0.0
2022-07-12,44.38,44.97,44.0,44.23,3997300,0.0,0.0
2022-07-13,43.67,44.26,43.47,43.6,4895200,0.0,0.0
2022-07-14,42.89,44.22,42.74,44.15,4504100,0.0,0.0
2022-07-15,44.31,44.6,43.64,44.23,4905300,0.0,0.0
2022-07-18,44.3,44.52,43.74,43.76,3669200,0.0,0.0
2022-07-19,44.22,44.35,43.62,43.7,7205000,0.0,0.0
2022-07-20,43.9,44.12,43.09,43.1,8758500,0.0,0.0
2022-07-21,43.17,43.29,42.73,43.26,6199900,0.0,0.0
2022-07-22,43.48,44.1,43.47,44.02,4120800,0.0,0.0
2022-07-25,44.1,44.56,43.88,44.42,3561800,0.0,0.0
2022-07-26,44.63,44.97,44.35,44.7,4655700,0.0,0.0
2022-07-27,44.54,44.67,44.02,44.46,7082000,0.0,0.0
2022-07-28,45.03,46.3,44.81,46.27,8173500,0.0,0.0
2022-07-29,46.02,46.75,46.02,46.49,4582000,0.0,0.0
2022-08-01,46.41,46.6,45.52,46.11,5684200,0.0,0.0
2022-08-02,46.28,46.52,45.75,45.83,5300300,0.0,0.0
2022-08-03,44.27,44.99,43.96,44.31,10693200,0.0,0.0
2022-08-04,44.49,45.37,44.43,45.06,6942400,0.0,0.0
2022-08-05,45.0,45.6,44.13,44.77,11593800,0.0,0.0
2022-08-08,45.37,45.53,44.7,44.98,3993300,0.0,0.0
2022-08-09,45.13,45.58,44.97,45.4,4920900,0.0,0.0
2022-08-10,45.56,45.68,44.85,45.53,4986000,0.0,0.0
2022-08-11,45.59,46.3,45.43,45.7,4249000,0.0,0.0
2022-08-12,45.5,46.26,45.49,46.17,4872500,0.34,0.0
2022-08-15,46.03,46.75,46.02,46.7,4595200,0.0,0.0
2022-08-16,46.65,47.23,46.57,46.69,5112400,0.0,0.0
2022-08-17,46.42,46.54,45.99,46.25,5561400,0.0,0.0
2022-08-18,46.32,46.71,46.14,46.31,6845300,0.0,0.0
2022-08-19,46.26,46.49,46.04,46.14,7242600,0.0,0.0
2022-08-22,45.94,46.03,45.22,45.35,3908700,0.0,0.0
2022-08-23,45.27,45.36,44.71,45.07,7160400,0.0,0.0
2022-08-24,44.96,45.54,44.93,45.49,8468100,0.0,0.0
2022-08-25,45.68,45.94,45.28,45.82,7465000,0.0,0.0
2022-08-26,46.07,46.14,44.67,44.71,7581700,0.0,0.0
2022-08-29,44.38,45.37,44.24,45.0,5045400,0.0,0.0
2022-08-30,44.97,45.11,43.88,44.06,4535700,0.0,0.0
2022-08-31,44.04,44.69,43.9,43.91,8360400,0.0,0.0
2022-09-01,43.72,44.59,43.72,44.45,5398800,0.0,0.0
2022-09-02,44.72,45.27,43.99,44.08,6900600,0.0,0.0
2022-09-06,44.21,44.91,43.8,43.89,5566700,0.0,0.0
2022-09-07,44.18,45.49,44.11,45.11,10215900,0.0,0.0
2022-09-08,44.86,45.68,44.81,45.37,7210400,0.0,0.0
2022-09-09,45.77,46.13,45.43,45.84,6476500,0.0,0.0
2022-09-12,45.94,46.19,45.6,46.11,7599000,0.0,0.0
2022-09-13,45.63,45.73,43.82,44.02,7948700,0.0,0.0
2022-09-14,44.04,44.71,44.01,44.35,6671400,0.0,0.0
2022-09-15,44.08,44.1,43.11,43.24,5741800,0.0,0.0
2022-09-16,43.23,43.41,42.82,43.21,12995400,0.0,0.0
2022-09-19,42.94,43.4,42.78,43.39,6484600,0.0,0.0
2022-09-20,42.99,43.17,42.64,42.78,6440800,0.0,0.0
2022-09-21,43.02,43.36,42.07,42.1,6411200,0.0,0.0
2022-09-22,42.06,42.11,41.48,41.68,6492400,0.0,0.0
2022-09-23,41.17,41.89,40.81,41.67,8677200,0.0,0.0
2022-09-26,41.67,41.7,40.18,40.58,6173000,0.0,0.0
2022-09-27,40.73,41.0,39.73,40.15,8304200,0.0,0.0
2022-09-28,40.37,40.57,39.63,39.68,10342300,0.0,0.0
2022-09-29,39.42,39.47,37.38,37.75,14031000,0.0,0.0
2022-09-30,37.94,38.23,37.36,37.46,9616900,0.0,0.0
2022-10-03,38.25,38.84,37.78,38.48,10537700,0.0,0.0
2022-10-04,38.75,40.04,38.67,40.01,12357100,0.0,0.0
2022-10-05,39.25,39.36,38.17,38.7,9915300,0.0,0.0
2022-10-06,38.56,38.67,37.69,37.76,7820100,0.0,0.0
2022-10-07,37.69,37.84,36.76,36.96,7119500,0.0,0.0
2022-10-10,37.17,37.92,37.17,37.81,11501200,0.0,0.0
2022-10-11,37.7,38.24,37.4,37.47,8315500,0.0,0.0
2022-10-12,37.54,37.55,35.94,35.96,7568400,0.0,0.0
2022-10-13,35.41,37.42,35.32,37.23,9324500,0.0,0.0
2022-10-14,37.58,37.85,36.49,36.59,6830000,0.0,0.0
2022-10-17,37.3,37.85,37.01,37.1,7906000,0.0,0.0
2022-10-18,37.56,38.05,37.27,37.56,7505400,0.0,0.0
2022-10-19,36.93,37.46,36.78,36.85,6263300,0.0,0.0
2022-10-20,36.64,36.67,35.19,35.54,10085500,0.0,0.0
2022-10-21,35.74,36.99,35.45,36.72,11674800,0.0,0.0
2022-10-24,36.95,37.26,36.67,36.87,5191800,0.0,0.0
2022-10-25,36.87,37.87,36.85,37.76,7483700,0.0,0.0
2022-10-26,37.81,38.29,37.36,37.61,13319500,0.0,0.0
2022-10-27,38.06,38.55,37.61,37.7,9687800,0.0,0.0
2022-10-28,37.75,38.81,37.75,38.76,7594400,0.0,0.0
2022-10-31,38.7,38.86,38.39,38.59,6293500,0.0,0.0
2022-11-01,38.9,39.01,38.54,38.76,5368600,0.0,0.0
2022-11-02,38.49,39.27,37.98,38.04,8601300,0.0,0.0
2022-11-03,36.12,37.8,36.1,36.96,14922000,0.0,0.0
2022-11-04,37.18,37.53,36.38,37.18,12529700,0.0,0.0
2022-11-07,37.47,37.63,36.03,36.68,11146200,0.0,0.0
2022-11-08,36.62,37.82,36.62,37.71,11552300,0.0,0.0
2022-11-09,37.57,38.27,37.54,37.69,11904400,0.0,0.0
2022-11-10,38.99,39.11,38.19,39.0,8648400,0.0,0.0
2022-11-11,39.16,39.37,38.46,39.11,7487800,0.0,0.0
2022-11-14,39.0,39.07,38.03,38.06,6592300,0.34,0.0
2022-11-15,38.42,38.83,37.78,38.24,6885600,0.0,0.0
2022-11-16,38.31,38.72,38.03,38.06,5964000,0.0,0.0
2022-11-17,37.66,37.88,37.24,37.48,5340700,0.0,0.0
2022-11-18,37.84,38.73,37.6,38.58,7599100,0.0,0.0
2022-11-21,38.51,38.83,38.35,38.7,5784300,0.0,0.0
2022-11-22,39.05,39.52,38.92,39.45,7653600,0.0,0.0
2022-11-23,39.3,39.88,39.21,39.87,6215600,0.0,0.0
2022-11-25,39.98,40.27,39.94,40.07,3381200,0.0,0.0
2022-11-28,40.03,40.41,39.83,40.23,10027700,0.0,0.0
2022-11-29,40.01,40.11,39.61,40.0,7992500,0.0,0.0
2022-11-30,39.95,41.39,39.89,41.37,13045600,0.0,0.0
2022-12-01,41.66,42.04,41.18,41.53,7897000,0.0,0.0
2022-12-02,41.18,41.47,40.79,41.45,5736200,0.0,0.0
2022-12-05,41.18,41.79,41.07,41.75,8675600,0.0,0.0
2022-12-06,41.76,43.0,41.76,42.87,19809300,0.0,0.0
2022-12-07,42.87,42.94,42.13,42.31,14466700,0.0,0.0
2022-12-08,42.22,42.38,41.57,41.77,9186700,0.0,0.0
2022-12-09,41.83,42.08,41.41,41.42,5334200,0.0,0.0
2022-12-12,41.59,42.53,41.18,42.5,5326100,0.0,0.0
2022-12-13,43.29,43.51,42.19,42.54,8747600,0.0,0.0
2022-12-14,42.69,43.65,42.47,42.82,7271200,0.0,0.0
2022-12-15,42.7,42.79,41.99,42.38,6088400,0.0,0.0
2022-12-16,41.85,42.02,40.84,41.93,18680200,0.0,0.0
2022-12-19,41.82,42.32,41.58,41.77,6261000,0.0,0.0
2022-12-20,41.78,42.33,41.43,42.06,7406600,0.0,0.0
2022-12-21,42.36,42.72,42.2,42.63,4721800,0.0,0.0
2022-12-22,42.4,42.55,41.86,42.52,6052400,0.0,0.0
2022-12-23,42.48,43.08,42.38,43.04,3317900,0.0,0.0
2022-12-27,43.17,43.27,42.86,43.15,6136100,0.0,0.0
2022-12-28,43.25,43.49,42.85,42.94,3852600,0.0,0.0
2022-12-29,43.17,43.46,43.04,43.13,3207500,0.0,0.0
2022-12-30,43.14,43.31,42.85,43.23,6185300,0.0,0.0
2023-01-03,43.25,43.35,42.43,43.16,5156700,0.0,0.0
2023-01-04,43.39,43.96,43.22,43.73,4379600,0.0,0.0
2023-01-05,43.41,43.48,42.29,42.78,8060600,0.0,0.0
2023-01-06,43.24,43.92,43.14,43.67,6971900,0.0,0.0
2023-01-09,43.58,44.37,43.34,44.15,9541700,0.0,0.0
2023-01-10,43.86,44.06,43.17,43.69,4502800,0.0,0.0
2023-01-11,43.68,44.24,43.57,44.14,5144200,0.0,0.0
2023-01-12,44.01,44.1,43.29,43.38,6937200,0.0,0.0
2023-01-13,43.13,43.54,42.89,43.38,5776500,0.0,0.0
2023-01-17,43.24,43.48,42.98,43.16,4599700,0.0,0.0
2023-01-18,43.16,43.25,42.12,42.23,4586900,0.0,0.0
2023-01-19,42.18,42.25,41.68,42.04,5570900,0.0,0.0
2023-01-20,42.0,42.39,41.46,42.34,5209700,0.0,0.0
2023-01-23,42.09,42.39,41.74,41.82,4702700,0.0,0.0
2023-01-24,41.86,41.96,41.24,41.51,3871400,0.0,0.0
2023-01-25,41.22,41.56,40.95,41.42,5448600,0.0,0.0
2023-01-26,41.36,41.69,41.19,41.6,3704400,0.0,0.0
2023-01-27,41.51,41.81,41.28,41.69,4773100,0.0,0.0
2023-01-30,41.58,42.28,41.49,41.75,3836300,0.0,0.0
2023-01-31,41.85,42.25,41.61,42.19,5133800,0.0,0.0
2023-02-01,41.91,42.6,41.64,42.3,6373800,0.0,0.0
2023-02-02,42.19,42.95,41.79,41.89,9351000,0.0,0.0
2023-02-03,41.52,41.6,40.09,40.9,6980200,0.0,0.0
2023-02-06,40.88,41.04,40.29,40.96,6949200,0.0,0.0
2023-02-07,40.84,41.02,40.3,40.82,5374200,0.0,0.0
2023-02-08,40.48,40.5,39.9,40.24,6619000,0.0,0.0
2023-02-09,40.27,40.55,39.69,39.99,6727800,0.0,0.0
2023-02-10,40.17,40.76,39.89,40.71,8818000,0.0,0.0
2023-02-13,40.72,41.19,40.65,41.19,5163700,0.0,0.0
2023-02-14,41.82,42.79,41.52,42.03,8258600,0.0,0.0
2023-02-15,41.78,42.82,41.71,42.67,8479400,0.0,0.0
2023-02-16,42.27,42.78,41.89,42.49,6338900,0.0,0.0
2023-02-17,42.94,43.34,42.52,43.05,9366900,0.0,0.0
2023-02-21,42.68,42.88,42.08,42.23,6675900,0.0,0.0
2023-02-22,42.13,42.52,41.69,41.84,6907200,0.0,0.0
2023-02-23,41.84,41.96,41.46,41.84,5860900,0.0,0.0
2023-02-24,41.1,41.42,40.91,41.32,7671700,0.36,0.0
2023-02-27,41.55,42.22,41.34,41.43,5390100,0.0,0.0
2023-02-28,41.27,41.38,40.34,40.39,22622100,0.0,0.0
2023-03-01,40.07,40.19,39.49,39.75,7707800,0.0,0.0
2023-03-02,39.63,40.41,39.53,40.38,8843800,0.0,0.0
2023-03-03,40.49,41.42,40.32,41.38,7547100,0.0,0.0
2023-03-06,41.45,41.63,41.03,41.49,6484400,0.0,0.0
2023-03-07,41.64,41.83,40.61,41.0,8039500,0.0,0.0
2023-03-08,41.04,41.36,40.76,41.25,4665600,0.0,0.0
2023-03-09,41.32,41.61,40.5,40.59,5046400,0.0,0.0
2023-03-10,40.8,40.9,39.84,40.18,6166200,0.0,0.0
2023-03-13,40.08,41.52,40.0,41.39,10910900,0.0,0.0
2023-03-14,41.63,41.75,40.89,41.34,7436100,0.0,0.0
2023-03-15,41.03,42.13,40.66,41.84,10791200,0.0,0.0
2023-03-16,41.58,42.19,41.2,42.15,8506700,0.0,0.0
2023-03-17,42.03,42.26,41.35,42.14,28178200,0.0,0.0
2023-03-20,42.14,42.39,41.78,41.82,12383300,0.0,0.0
2023-03-21,41.95,42.03,40.24,40.68,10248800,0.0,0.0
2023-03-22,40.34,40.79,39.66,39.68,9537200,0.0,0.0
2023-03-23,39.64,40.3,38.98,39.2,8451800,0.0,0.0
2023-03-24,39.13,40.25,39.06,40.24,6985000,0.0,0.0
2023-03-27,40.47,40.91,40.4,40.52,5372000,0.0,0.0
2023-03-28,40.54,41.23,40.45,40.82,6953400,0.0,0.0
2023-03-29,40.93,41.36,40.92,41.15,6126600,0.0,0.0
2023-03-30,41.42,41.91,41.22,41.45,5341200,0.0,0.0
2023-03-31,41.55,41.93,41.35,41.89,5378200,0.0,0.0
2023-04-03,41.81,42.17,41.44,41.81,5013200,0.0,0.0
2023-04-04,41.76,42.07,41.61,41.86,4131800,0.0,0.0
2023-04-05,42.01,43.08,42.01,42.93,7595100,0.0,0.0
2023-04-06,43.13,43.33,42.77,43.06,8745500,0.0,0.0
2023-04-10,42.93,43.28,42.43,43.26,5005600,0.0,0.0
2023-04-11,43.35,43.43,43.07,43.26,4589300,0.0,0.0
2023-04-12,43.3,43.5,42.96,43.08,7717300,0.0,0.0
2023-04-13,42.95,43.03,41.95,42.89,12061400,0.0,0.0
2023-04-14,42.42,42.6,41.92,42.13,6651200,0.0,0.0
2023-04-17,42.32,42.72,42.2,42.67,5737300,0.0,0.0
2023-04-18,42.8,43.04,42.58,42.85,4393600,0.0,0.0
2023-04-19,42.75,43.11,42.75,43.04,3377000,0.0,0.0
2023-04-20,43.08,43.14,42.66,43.0,4304800,0.0,0.0
2023-04-21,43.22,43.32,42.83,43.22,4430100,0.0,0.0
2023-04-24,43.19,43.62,42.82,43.45,4687400,0.0,0.0
2023-04-25,43.3,43.71,43.3,43.61,3007200,0.0,0.0
2023-04-26,43.32,43.54,42.61,42.79,5213800,0.0,0.0
2023-04-27,42.92,43.27,42.63,42.78,6959400,0.0,0.0
2023-04-28,42.78,43.03,42.37,42.44,11350100,0.0,0.0
2023-05-01,42.45,43.4,42.39,43.18,8188500,0.0,0.0
2023-05-02,43.16,43.35,42.38,42.57,6183900,0.0,0.0
2023-05-03,42.87,43.23,42.2,42.33,6138800,0.0,0.0
2023-05-04,42.42,43.07,41.53,42.56,6322000,0.0,0.0
2023-05-05,42.58,43.05,42.48,42.85,3849800,0.0,0.0
2023-05-08,42.87,43.33,42.63,42.77,4748600,0.0,0.0
2023-05-09,42.6,42.81,42.19,42.62,5559000,0.0,0.0
2023-05-10,42.76,43.05,42.43,42.92,5421000,0.0,0.0
2023-05-11,42.84,43.02,42.23,42.48,5803400,0.0,0.0
2023-05-12,42.43,42.69,41.43,41.75,8934200,0.36,0.0
2023-05-15,42.0,42.0,40.44,40.76,6569300,0.0,0.0
2023-05-16,40.76,40.81,39.33,39.37,8434600,0.0,0.0
2023-05-17,39.35,39.8,39.05,39.26,6907300,0.0,0.0
2023-05-18,39.1,39.45,38.88,39.39,6997500,0.0,0.0
2023-05-19,39.44,40.0,39.41,39.87,11999300,0.0,0.0
2023-05-22,40.16,40.47,39.77,40.12,6120700,0.0,0.0
2023-05-23,40.11,40.76,39.85,40.44,13712000,0.0,0.0
2023-05-24,40.54,40.66,40.08,40.15,4638900,0.0,0.0
2023-05-25,39.76,39.92,39.16,39.51,7033000,0.0,0.0
2023-05-26,39.47,39.47,38.8,39.39,5801900,0.0,0.0
2023-05-30,39.39,39.74,39.25,39.34,8406300,0.0,0.0
2023-05-31,39.34,39.75,38.96,39.65,8580200,0.0,0.0
2023-06-01,39.87,39.87,39.2,39.48,7079300,0.0,0.0
2023-06-02,39.31,40.02,39.0,39.69,6612200,0.0,0.0
2023-06-05,39.73,40.32,39.7,39.98,4107800,0.0,0.0
2023-06-06,40.09,40.21,39.72,39.75,6981200,0.0,0.0
2023-06-07,39.85,40.5,39.53,40.34,7281100,0.0,0.0
2023-06-08,39.85,40.34,39.74,40.13,8726400,0.0,0.0
2023-06-09,40.2,40.35,39.89,40.08,5851000,0.0,0.0
2023-06-12,40.09,40.18,39.73,39.91,4738300,0.0,0.0
2023-06-13,39.91,40.08,39.63,39.8,6149900,0.0,0.0
2023-06-14,40.0,40.34,39.85,40.12,5336000,0.0,0.0
2023-06-15,40.39,40.91,40.25,40.82,5717300,0.0,0.0
2023-06-16,40.86,41.43,40.79,41.21,9595000,0.0,0.0
2023-06-20,41.21,41.23,40.69,40.74,5585900,0.0,0.0
2023-06-21,40.54,40.92,40.01,40.91,4536600,0.0,0.0
2023-06-22,40.97,41.1,40.38,40.54,3243600,0.0,0.0
2023-06-23,40.65,40.79,39.84,39.87,6851200,0.0,0.0
2023-06-26,40.09,40.75,39.91,40.57,4784100,0.0,0.0
2023-06-27,40.64,40.95,40.47,40.82,6876700,0.0,0.0
2023-06-28,40.71,40.76,39.94,40.09,4246900,0.0,0.0
2023-06-29,39.8,40.32,39.67,40.11,4549000,0.0,0.0
2023-06-30,40.41,40.89,40.39,40.74,5990700,0.0,0.0
2023-07-03,40.62,41.1,40.45,41.05,2197600,0.0,0.0
2023-07-05,40.94,41.7,40.87,41.48,6694300,0.0,0.0
2023-07-06,41.11,41.16,40.67,41.06,4484900,0.0,0.0
2023-07-07,41.16,41.23,40.79,40.96,5644200,0.0,0.0
2023-07-10,41.1,41.3,40.7,40.98,5716300,0.0,0.0
2023-07-11,41.11,41.74,41.01,41.71,3841800,0.0,0.0
2023-07-12,41.7,42.3,41.46,42.05,6163800,0.0,0.0
2023-07-13,41.88,42.25,41.79,42.18,4729300,0.0,0.0
2023-07-14,42.08,42.2,41.59,42.02,3915000,0.0,0.0
2023-07-17,42.0,42.09,41.56,41.78,5080800,0.0,0.0
2023-07-18,41.73,42.02,40.85,41.28,7124500,0.0,0.0
2023-07-19,41.36,42.03,41.31,41.51,5667700,0.0,0.0
2023-07-20,41.81,42.34,41.48,42.01,5578100,0.0,0.0
2023-07-21,42.27,42.81,42.01,42.55,16583800,0.0,0.0
2023-07-24,42.71,42.97,42.47,42.83,4607600,0.0,0.0
2023-07-25,42.68,43.2,42.67,43.02,3928500,0.0,0.0
2023-07-26,42.98,43.53,42.88,43.2,3553500,0.0,0.0
2023-07-27,43.12,43.28,41.85,41.96,5815600,0.0,0.0
2023-07-28,42.08,42.34,41.53,41.7,8594800,0.0,0.0
2023-07-31,41.5,42.08,41.34,41.86,6893200,0.0,0.0
2023-08-01,41.81,42.01,41.45,41.47,5352700,0.0,0.0
2023-08-02,41.17,41.65,41.03,41.5,6935800,0.0,0.0
2023-08-03,41.15,41.25,40.43,40.5,4357800,0.0,0.0
2023-08-04,40.73,40.97,39.55,39.92,4777700,0.0,0.0
2023-08-07,39.84,40.24,39.84,39.97,5013300,0.0,0.0
2023-08-08,39.77,40.12,39.49,40.08,5565500,0.0,0.0
2023-08-09,40.03,40.52,39.88,40.25,5648500,0.0,0.0
2023-08-10,40.42,40.62,40.12,40.19,4205000,0.0,0.0
2023-08-11,40.26,40.64,40.07,40.51,3302700,0.0,0.0
2023-08-14,40.12,40.22,39.83,40.08,3798500,0.36,0.0
2023-08-15,39.87,39.88,39.51,39.59,3716900,0.0,0.0
2023-08-16,39.76,39.89,39.6,39.81,5557200,0.0,0.0
2023-08-17,39.88,40.31,39.79,39.96,4263700,0.0,0.0
2023-08-18,40.08,40.26,39.91,40.01,5361500,0.0,0.0
2023-08-21,40.01,40.05,39.4,39.74,6239800,0.0,0.0
2023-08-22,39.75,40.15,39.64,40.0,3982500,0.0,0.0
2023-08-23,40.4,40.43,40.08,40.25,3236600,0.0,0.0
2023-08-24,40.31,40.9,40.03,40.08,3766200,0.0,0.0
2023-08-25,40.12,40.58,40.07,40.3,3412900,0.0,0.0
2023-08-28,40.49,40.63,40.17,40.25,3167000,0.0,0.0
2023-08-29,40.3,40.69,40.21,40.5,3606000,0.0,0.0
2023-08-30,40.42,40.67,40.27,40.42,2260000,0.0,0.0
2023-08-31,40.49,40.6,40.12,40.12,8455200,0.0,0.0
2023-09-01,40.35,40.47,39.62,39.99,3931300,0.0,0.0
2023-09-05,39.99,40.0,39.18,39.51,3584100,0.0,0.0
2023-09-06,39.56,39.9,39.47,39.86,5607400,0.0,0.0
2023-09-07,40.23,40.95,40.1,40.57,4917900,0.0,0.0
2023-09-08,40.66,40.93,40.46,40.58,4545800,0.0,0.0
2023-09-11,40.58,41.1,40.54,40.58,3597000,0.0,0.0
2023-09-12,40.5,40.65,40.23,40.56,5485900,0.0,0.0
2023-09-13,40.64,41.32,40.63,41.13,4013700,0.0,0.0
2023-09-14,41.36,41.93,41.29,41.84,3764700,0.0,0.0
2023-09-15,41.88,42.16,41.59,41.65,10296200,0.0,0.0
2023-09-18,41.78,41.82,41.22,41.49,3536300,0.0,0.0
2023-09-19,41.41,41.48,40.96,41.07,4230600,0.0,0.0
2023-09-20,41.33,41.37,40.76,40.83,4908800,0.0,0.0
2023-09-21,40.77,41.1,40.45,40.46,6719900,0.0,0.0
2023-09-22,40.46,40.56,39.86,40.21,3759900,0.0,0.0
2023-09-25,40.04,40.32,39.75,40.3,3849300,0.0,0.0
2023-09-26,40.09,40.1,39.09,39.15,5592700,0.0,0.0
2023-09-27,39.12,39.23,38.55,38.8,5320900,0.0,0.0
2023-09-28,38.82,38.92,37.78,37.88,6134000,0.0,0.0
2023-09-29,38.08,38.4,37.51,37.79,6834100,0.0,0.0
2023-10-02,37.59,37.65,36.28,36.61,9033600,0.0,0.0
2023-10-03,36.2,37.18,35.71,37.05,8591300,0.0,0.0
2023-10-04,37.04,37.5,36.69,37.41,6822900,0.0,0.0
2023-10-05,37.39,37.53,36.8,37.41,5266400,0.0,0.0
2023-10-06,37.08,38.17,36.35,38.08,6224100,0.0,0.0
2023-10-09,38.1,38.74,38.02,38.7,5558200,0.0,0.0
2023-10-10,38.61,39.33,38.61,39.28,4880800,0.0,0.0
2023-10-11,39.45,40.17,39.25,40.04,6456800,0.0,0.0
2023-10-12,39.89,40.17,39.33,39.83,4770500,0.0,0.0
2023-10-13,40.16,40.67,39.84,39.95,6173800,0.0,0.0
2023-10-16,40.15,40.34,39.73,40.17,6931700,0.0,0.0
2023-10-17,39.88,40.22,39.65,40.06,5631800,0.0,0.0
2023-10-18,40.05,40.24,39.64,39.91,4937800,0.0,0.0
2023-10-19,39.77,40.37,39.65,39.77,4372400,0.0,0.0
2023-10-20,39.67,40.04,39.28,39.3,5034700,0.0,0.0
2023-10-23,38.62,38.89,37.9,38.4,6526400,0.0,0.0
2023-10-24,38.82,39.25,38.75,38.86,5210600,0.0,0.0
2023-10-25,38.82,39.33,38.79,39.0,5973400,0.0,0.0
2023-10-26,39.16,39.8,39.1,39.15,6967700,0.0,0.0
2023-10-27,39.01,39.17,38.22,38.43,5213100,0.0,0.0
2023-10-30,38.55,38.93,38.22,38.45,5177900,0.0,0.0
2023-10-31,38.51,38.97,38.42,38.94,5971300,0.0,0.0
2023-11-01,39.01,39.83,38.76,39.53,7721800,0.0,0.0
2023-11-02,39.87,41.09,39.49,40.7,6467900,0.0,0.0
2023-11-03,41.31,41.48,40.54,40.56,5902900,0.0,0.0
2023-11-06,40.46,40.72,39.99,40.02,6858400,0.0,0.0
2023-11-07,40.02,40.06,39.63,39.74,5491100,0.0,0.0
2023-11-08,39.57,39.68,39.09,39.58,5553300,0.0,0.0
2023-11-09,39.67,39.98,39.23,39.25,3867500,0.0,0.0
2023-11-10,39.5,39.6,39.1,39.43,4495800,0.0,0.0
2023-11-13,39.28,39.47,38.76,38.8,5511300,0.0,0.0
2023-11-14,39.2,39.79,39.14,39.59,6434700,0.36,0.0
2023-11-15,39.43,40.19,39.37,39.67,6703800,0.0,0.0
2023-11-16,40.03,40.36,39.42,39.48,10366500,0.0,0.0
2023-11-17,39.7,39.72,38.89,38.95,10869000,0.0,0.0
2023-11-20,38.91,39.24,38.55,39.08,7680200,0.0,0.0
2023-11-21,38.94,39.07,38.35,38.88,5053400,0.0,0.0
2023-11-22,38.98,39.07,38.62,38.86,6251000,0.0,0.0
2023-11-24,38.93,39.24,38.74,39.19,2523100,0.0,0.0
2023-11-27,39.19,39.26,38.85,39.14,6884700,0.0,0.0
2023-11-28,39.19,39.57,38.93,39.16,5652500,0.0,0.0
2023-11-29,39.27,39.33,38.25,38.39,5268300,0.0,0.0
2023-11-30,38.41,38.6,38.17,38.51,11572700,0.0,0.0
2023-12-01,38.58,39.01,38.22,38.99,7382800,0.0,0.0
2023-12-04,38.77,39.01,38.55,38.73,8158300,0.0,0.0
2023-12-05,38.79,38.8,38.21,38.5,7114900,0.0,0.0
2023-12-06,38.74,39.45,38.63,39.41,7815800,0.0,0.0
2023-12-07,39.52,39.88,39.15,39.34,7687100,0.0,0.0
2023-12-08,39.37,39.38,38.98,39.21,7433400,0.0,0.0
2023-12-11,39.35,39.63,39.1,39.52,7793000,0.0,0.0
2023-12-12,39.66,39.66,39.18,39.44,5695700,0.0,0.0
2023-12-13,39.49,41.08,39.34,41.0,7994500,0.0,0.0
2023-12-14,41.22,41.43,37.46,37.9,26399000,0.0,0.0
2023-12-15,37.44,37.5,35.32,35.49,38845300,0.0,0.0
2023-12-18,35.39,35.59,34.22,34.45,23411000,0.0,0.0
2023-12-19,34.43,35.42,34.05,35.41,16414300,0.0,0.0
2023-12-20,35.45,35.6,34.81,34.81,10523500,0.0,0.0
2023-12-21,34.92,35.25,34.81,35.07,8332500,0.0,0.0
2023-12-22,35.24,35.82,35.2,35.26,5794600,0.0,0.0
2023-12-26,35.19,35.63,35.18,35.53,3900300,0.0,0.0
2023-12-27,35.56,35.66,35.1,35.41,6882000,0.0,0.0
2023-12-28,35.4,35.99,35.34,35.85,5832800,0.0,0.0
2023-12-29,35.7,35.95,35.57,35.9,4634200,0.0,0.0
