date,open,high,low,close,volume,vwap,label,adj_close,unadjusted_volume,change,change_percent,change_over_time
2020-01-02,139.79,141.1,139.26,141.09,10803700,140.48,"January 02, 20",124.25,10803700.0,1.3,0.92997,0.0092997
2020-01-03,137.5,139.23,137.08,138.34,10386800,138.22,"January 03, 20",122.61,10386800.0,0.84,0.61091,0.0061091
2020-01-06,136.56,138.27,136.5,138.23,10259000,137.67,"January 06, 20",122.52,10259000.0,1.67,1.22,0.0122
2020-01-07,137.28,137.86,135.82,135.88,10531300,136.52,"January 07, 20",120.43,10531300.0,-1.4,-1.02,-0.0102
2020-01-08,135.7,137.58,135.6,136.94,9695300,136.71,"January 08, 20",121.37,9695300.0,1.24,0.91378,0.0091378
2020-01-09,138.05,138.23,137.04,137.44,9469000,137.57,"January 09, 20",121.82,9469000.0,-0.61,-0.44187,-0.0044187
2020-01-10,137.21,137.25,135.81,136.07,10190900,136.38,"January 10, 20",120.6,10190900.0,-1.14,-0.83084,-0.0083084
2020-01-13,136.19,137.2,135.76,137.2,12355200,136.72,"January 13, 20",121.6,12355200.0,1.01,0.74161,0.0074161
2020-01-14,137.94,140.76,137.69,138.8,24906000,139.08,"January 14, 20",123.02,24906000.0,0.86,0.62346,0.0062346
2020-01-15,137.85,138.6,136.15,136.72,16293400,137.16,"January 15, 20",121.18,16293400.0,-1.13,-0.81973,-0.0081973
2020-01-16,137.45,137.9,136.84,137.25,10783800,137.33,"January 16, 20",121.65,10783800.0,-0.2,-0.14551,-0.0014551
2020-01-17,137.54,138.29,137.32,138.2,14697700,137.94,"January 17, 20",122.49,14697700.0,0.66,0.47986,0.0047986
2020-01-21,137.19,138.07,136.69,136.84,8474200,137.2,"January 21, 20",121.29,8474200.0,-0.35,-0.25512,-0.0025512
2020-01-22,137.24,137.4,136.38,136.68,7549100,136.82,"January 22, 20",121.14,7549100.0,-0.56,-0.40804,-0.0040804
2020-01-23,135.71,136.74,134.72,136.54,9345700,136.0,"January 23, 20",121.02,9345700.0,0.83,0.6116,0.006116
2020-01-24,136.37,136.43,132.32,133.15,15166400,133.97,"January 24, 20",118.01,15166400.0,-3.22,-2.36,-0.0236
2020-01-27,130.27,132.94,129.71,132.03,12860500,131.56,"January 27, 20",117.02,12860500.0,1.76,1.35,0.0135
2020-01-28,132.84,134.97,132.48,134.43,13062800,133.96,"January 28, 20",119.15,13062800.0,1.59,1.2,0.012
2020-01-29,134.81,135.54,133.69,134.23,9326000,134.49,"January 29, 20",118.97,9326000.0,-0.58,-0.43024,-0.0043024
2020-01-30,132.69,136.13,132.69,135.89,9048900,134.9,"January 30, 20",120.44,9048900.0,3.2,2.41,0.0241
2020-01-31,134.49,134.83,131.47,132.36,12785200,132.89,"January 31, 20",117.31,12785200.0,-2.13,-1.58,-0.0158
2020-02-03,132.66,134.24,132.66,133.37,10021100,133.42,"February 03, 20",118.21,10021100.0,0.71,0.5352,0.005352
2020-02-04,135.55,136.6,135.08,135.29,9157100,135.66,"February 04, 20",119.91,9157100.0,-0.26,-0.19181,-0.0019181
2020-02-05,136.57,137.73,136.01,137.59,10150700,137.11,"February 05, 20",121.95,10150700.0,1.02,0.74687,0.0074687
2020-02-06,138.24,138.29,137.11,137.61,8992300,137.67,"February 06, 20",121.97,8992300.0,-0.63,-0.45573,-0.0045573
2020-02-07,136.73,137.67,136.3,137.17,6379800,137.05,"February 07, 20",121.58,6379800.0,0.44,0.3218,0.003218
2020-02-10,136.95,137.85,136.75,137.74,5960700,137.45,"February 10, 20",122.08,5960700.0,0.79,0.57685,0.0057685
2020-02-11,138.26,138.82,137.78,138.0,6578600,138.2,"February 11, 20",122.31,6578600.0,-0.26,-0.18805,-0.0018805
2020-02-12,138.6,139.29,137.8,138.0,7958000,138.36,"February 12, 20",122.31,7958000.0,-0.6,-0.4329,-0.004329
2020-02-13,137.75,138.34,136.4,137.88,7447500,137.54,"February 13, 20",122.21,7447500.0,0.13,0.09437387,0.0009437387
2020-02-14,137.84,138.19,136.94,137.46,6627600,137.53,"February 14, 20",121.83,6627600.0,-0.38,-0.27568,-0.0027568
2020-02-18,137.34,137.71,135.05,135.64,8996400,136.13,"February 18, 20",120.22,8996400.0,-1.7,-1.24,-0.0124
2020-02-19,136.91,138.39,136.34,137.49,7071200,137.41,"February 19, 20",121.86,7071200.0,0.58,0.42364,0.0042364
2020-02-20,137.17,138.36,136.53,137.49,7422800,137.46,"February 20, 20",121.86,7422800.0,0.32,0.23329,0.0023329
2020-02-21,136.55,136.92,134.92,135.81,9772800,135.88,"February 21, 20",120.37,9772800.0,-0.74,-0.54193,-0.0054193
2020-02-24,131.44,133.2,130.8,132.16,13618400,132.05,"February 24, 20",117.14,13618400.0,0.72,0.54778,0.0054778
2020-02-25,131.0,132.23,125.59,126.26,20797200,128.03,"February 25, 20",111.91,20797200.0,-4.74,-3.62,-0.0362
2020-02-26,126.93,128.95,126.34,126.64,24825600,127.31,"February 26, 20",112.24,24825600.0,-0.29,-0.22847,-0.0022847
2020-02-27,122.91,125.62,121.3,121.37,23005500,122.76,"February 27, 20",107.57,23005500.0,-1.54,-1.25,-0.0125
2020-02-28,117.52,118.49,112.66,116.11,45931400,115.75,"February 28, 20",102.91,45931400.0,-1.41,-1.2,-0.012
2020-03-02,116.63,121.58,114.46,121.52,27355400,119.19,"March 02, 20",107.71,27355400.0,4.89,4.19,0.0419
2020-03-03,120.97,122.95,116.24,116.96,32547700,118.72,"March 03, 20",103.66,32547700.0,-4.01,-3.31,-0.0331
2020-03-04,118.33,120.19,114.7,119.85,25795900,118.25,"March 04, 20",106.23,25795900.0,1.52,1.28,0.0128
2020-03-05,115.67,116.43,112.58,113.97,25025600,114.33,"March 05, 20",101.01,25025600.0,-1.7,-1.47,-0.0147
2020-03-06,106.26,110.32,105.02,108.08,38159400,107.81,"March 06, 20",95.79,38159400.0,1.82,1.71,0.0171
2020-03-09,96.57,99.23,93.0,93.44,40352000,95.22,"March 09, 20",82.82,40352000.0,-3.13,-3.24,-0.0324
2020-03-10,99.0,101.28,94.58,100.7,31102700,98.85,"March 10, 20",89.25,31102700.0,1.7,1.72,0.0172
2020-03-11,97.7,100.05,94.55,95.96,38127000,96.85,"March 11, 20",85.05,38127000.0,-1.74,-1.78,-0.0178
2020-03-12,89.59,96.96,86.32,88.05,49725200,90.44,"March 12, 20",78.04,49725200.0,-1.54,-1.72,-0.0172
2020-03-13,95.99,103.99,92.0,103.91,38543300,99.97,"March 13, 20",92.1,38543300.0,7.92,8.25,0.0825
2020-03-16,85.2,93.98,84.55,88.36,38589700,88.96,"March 16, 20",78.32,38589700.0,3.16,3.71,0.0371
2020-03-17,90.89,97.44,87.5,93.76,35239800,92.9,"March 17, 20",83.1,35239800.0,2.87,3.16,0.0316
2020-03-18,87.67,90.79,80.36,83.89,41525600,85.01,"March 18, 20",74.35,41525600.0,-3.78,-4.31,-0.0431
2020-03-19,81.56,88.11,76.91,85.3,32175100,83.44,"March 19, 20",75.6,32175100.0,3.74,4.59,0.0459
2020-03-20,86.3,89.46,82.48,83.5,30150800,85.15,"March 20, 20",74.01,30150800.0,-2.8,-3.24,-0.0324
2020-03-23,82.68,83.75,78.09,79.03,32536600,80.29,"March 23, 20",70.05,32536600.0,-3.65,-4.41,-0.0441
2020-03-24,84.9,90.1,82.9,88.43,34363200,87.14,"March 24, 20",78.38,34363200.0,3.53,4.16,0.0416
2020-03-25,89.24,95.15,84.54,91.73,38111700,90.47,"March 25, 20",81.3,38111700.0,2.49,2.79,0.0279
2020-03-26,94.08,98.57,93.54,98.12,29826300,96.74,"March 26, 20",86.97,29826300.0,4.04,4.29,0.0429
2020-03-27,93.19,94.84,90.55,91.13,30041500,92.17,"March 27, 20",80.77,30041500.0,-2.06,-2.21,-0.0221
2020-03-30,90.65,94.09,89.3,93.5,21656900,92.3,"March 30, 20",82.87,21656900.0,2.85,3.14,0.0314
2020-03-31,92.05,94.17,89.34,90.03,23379300,91.18,"March 31, 20",79.8,23379300.0,-2.02,-2.19,-0.0219
2020-04-01,85.1,86.56,83.25,84.36,28029600,84.72,"April 01, 20",74.77,28029600.0,-0.74,-0.86957,-0.0086957
2020-04-02,83.51,87.91,82.96,87.51,24018000,86.13,"April 02, 20",77.56,24018000.0,4.0,4.79,0.0479
2020-04-03,86.0,87.48,82.77,84.05,21199400,84.77,"April 03, 20",75.27,21199400.0,-1.95,-2.27,-0.0227
2020-04-06,88.99,90.99,87.7,89.46,26820800,89.38,"April 06, 20",80.11,26820800.0,0.47,0.52815,0.0052815
2020-04-07,94.45,94.5,90.38,90.64,22563800,91.84,"April 07, 20",81.17,22563800.0,-3.81,-4.03,-0.0403
2020-04-08,92.1,94.86,90.55,94.3,22903300,93.24,"April 08, 20",84.45,22903300.0,2.2,2.39,0.0239
2020-04-09,96.92,104.39,96.89,102.76,42055900,101.35,"April 09, 20",92.03,42055900.0,5.84,6.03,0.0603
2020-04-13,103.11,103.11,97.3,98.19,26911900,99.53,"April 13, 20",87.93,26911900.0,-4.92,-4.77,-0.0477
2020-04-14,101.02,102.0,93.64,95.5,46151300,97.05,"April 14, 20",85.52,46151300.0,-5.52,-5.46,-0.0546
2020-04-15,91.15,92.03,90.13,90.79,30118600,90.98,"April 15, 20",81.31,30118600.0,-0.36,-0.39495,-0.0039495
2020-04-16,90.23,90.57,87.05,87.33,32449600,88.32,"April 16, 20",78.21,32449600.0,-2.9,-3.21,-0.0321
2020-04-17,92.0,95.7,90.96,95.18,30191900,93.95,"April 17, 20",85.24,30191900.0,3.18,3.46,0.0346
2020-04-20,92.47,94.71,90.46,91.71,23679400,92.29,"April 20, 20",82.13,23679400.0,-0.76,-0.82189,-0.0082189
2020-04-21,88.62,91.38,88.33,89.05,23035000,89.59,"April 21, 20",79.75,23035000.0,0.43,0.48522,0.0048522
2020-04-22,90.69,91.87,89.18,89.34,16662400,90.13,"April 22, 20",80.01,16662400.0,-1.35,-1.49,-0.0149
2020-04-23,89.74,91.28,89.26,89.39,16638800,89.98,"April 23, 20",80.05,16638800.0,-0.35,-0.39002,-0.0039002
2020-04-24,90.64,91.1,88.49,90.71,15809200,90.1,"April 24, 20",81.23,15809200.0,0.07,0.0772286,0.000772286
2020-04-27,91.94,95.63,91.54,94.62,22870200,93.93,"April 27, 20",84.74,22870200.0,2.68,2.91,0.0291
2020-04-28,97.81,98.36,95.03,95.29,20238900,96.23,"April 28, 20",85.34,20238900.0,-2.52,-2.58,-0.0258
2020-04-29,99.08,99.45,97.27,97.86,20462600,98.19,"April 29, 20",87.64,20462600.0,-1.22,-1.23,-0.0123
2020-04-30,95.6,96.84,94.55,95.76,19127600,95.72,"April 30, 20",85.76,19127600.0,0.16,0.16736,0.0016736
2020-05-01,93.5,93.74,91.84,93.25,18547700,92.94,"May 01, 20",83.51,18547700.0,-0.25,-0.26738,-0.0026738
2020-05-04,92.02,92.67,90.8,92.14,15725900,91.87,"May 04, 20",82.51,15725900.0,0.12,0.13041,0.0013041
2020-05-05,93.65,94.21,91.9,92.0,18064100,92.7,"May 05, 20",82.39,18064100.0,-1.65,-1.76,-0.0176
2020-05-06,92.16,92.76,89.93,90.27,20978000,90.99,"May 06, 20",80.84,20978000.0,-1.89,-2.05,-0.0205
2020-05-07,91.34,92.91,90.58,91.21,16771900,91.57,"May 07, 20",81.68,16771900.0,-0.13,-0.14233,-0.0014233
2020-05-08,92.8,94.08,92.11,92.7,20487800,92.96,"May 08, 20",83.02,20487800.0,-0.1,-0.10776,-0.0010776
2020-05-11,91.11,91.11,89.33,89.97,31907600,90.14,"May 11, 20",80.57,31907600.0,-1.14,-1.25,-0.0125
2020-05-12,90.15,90.79,86.9,87.03,27962900,88.24,"May 12, 20",77.94,27962900.0,-3.12,-3.46,-0.0346
2020-05-13,86.38,86.86,83.4,84.03,35451600,84.76,"May 13, 20",75.25,35451600.0,-2.35,-2.72,-0.0272
2020-05-14,82.72,88.11,82.4,87.52,35152500,86.01,"May 14, 20",78.38,35152500.0,4.8,5.8,0.058
2020-05-15,86.85,87.28,85.3,85.9,26099000,86.16,"May 15, 20",76.93,26099000.0,-0.95,-1.09,-0.0109
2020-05-18,88.69,91.15,87.88,90.45,30504400,89.83,"May 18, 20",81.0,30504400.0,1.76,1.98,0.0198
2020-05-19,90.05,91.2,88.59,88.67,19597300,89.49,"May 19, 20",79.41,19597300.0,-1.38,-1.53,-0.0153
2020-05-20,90.71,92.39,90.37,91.33,20552400,91.36,"May 20, 20",81.79,20552400.0,0.62,0.6835,0.006835
2020-05-21,90.27,91.76,89.67,90.17,14621400,90.53,"May 21, 20",80.75,14621400.0,-0.1,-0.11078,-0.0011078
2020-05-22,90.01,90.36,88.72,89.47,13557900,89.52,"May 22, 20",80.12,13557900.0,-0.54,-0.59993,-0.0059993
2020-05-26,92.89,97.5,92.61,95.82,41233900,95.31,"May 26, 20",85.81,41233900.0,2.93,3.15,0.0315
2020-05-27,102.07,102.58,98.8,101.37,39402000,100.92,"May 27, 20",90.78,39402000.0,-0.7,-0.6858,-0.006858
2020-05-28,102.94,102.95,99.4,99.86,24713900,100.74,"May 28, 20",89.43,24713900.0,-3.08,-2.99,-0.0299
2020-05-29,98.66,99.18,96.78,97.31,26526400,97.76,"May 29, 20",87.14,26526400.0,-1.35,-1.37,-0.0137
2020-06-01,97.75,99.51,97.38,98.6,15176800,98.5,"June 01, 20",88.3,15176800.0,0.85,0.86957,0.0086957
2020-06-02,100.28,100.42,97.93,98.93,21195000,99.09,"June 02, 20",88.6,21195000.0,-1.35,-1.35,-0.0135
2020-06-03,101.58,104.92,101.06,104.27,25941100,103.42,"June 03, 20",93.38,25941100.0,2.69,2.65,0.0265
2020-06-04,103.82,106.61,102.79,106.44,26784700,105.28,"June 04, 20",95.32,26784700.0,2.62,2.52,0.0252
2020-06-05,114.93,115.77,109.53,111.23,42231000,112.18,"June 05, 20",99.61,42231000.0,-3.7,-3.22,-0.0322
2020-06-08,113.41,114.19,111.94,113.45,24881800,113.19,"June 08, 20",101.6,24881800.0,0.04,0.03527026,0.0003527026
2020-06-09,110.65,111.63,109.01,110.54,17031100,110.39,"June 09, 20",98.99,17031100.0,-0.11,-0.09941256,-0.0009941256
2020-06-10,110.46,110.51,105.85,106.06,24913300,107.47,"June 10, 20",94.98,24913300.0,-4.4,-3.98,-0.0398
2020-06-11,100.03,101.58,96.54,97.21,36259200,98.44,"June 11, 20",87.06,36259200.0,-2.82,-2.82,-0.0282
2020-06-12,100.71,101.13,97.33,99.87,24856800,99.44,"June 12, 20",89.44,24856800.0,-0.84,-0.83408,-0.0083408
2020-06-15,96.42,101.43,95.87,101.25,22153600,99.52,"June 15, 20",90.67,22153600.0,4.83,5.01,0.0501
2020-06-16,105.37,105.68,99.31,102.06,22193600,102.35,"June 16, 20",91.4,22193600.0,-3.31,-3.14,-0.0314
2020-06-17,102.53,102.54,99.21,99.48,15639800,100.41,"June 17, 20",89.09,15639800.0,-3.05,-2.97,-0.0297
2020-06-18,98.67,100.52,98.13,98.94,16591900,99.2,"June 18, 20",88.6,16591900.0,0.27,0.27364,0.0027364
2020-06-19,100.53,100.6,96.73,97.81,40371200,98.38,"June 19, 20",87.59,40371200.0,-2.72,-2.71,-0.0271
2020-06-22,97.25,97.95,96.54,96.75,16216900,97.08,"June 22, 20",86.64,16216900.0,-0.5,-0.51414,-0.0051414
2020-06-23,98.97,99.97,97.85,97.93,15381400,98.58,"June 23, 20",87.7,15381400.0,-1.04,-1.05,-0.0105
2020-06-24,96.75,96.84,94.31,94.66,22919800,95.27,"June 24, 20",84.77,22919800.0,-2.09,-2.16,-0.0216
2020-06-25,94.35,98.21,94.26,97.96,25743600,96.81,"June 25, 20",87.73,25743600.0,3.61,3.83,0.0383
2020-06-26,95.11,95.37,92.0,92.59,41896300,93.32,"June 26, 20",82.92,41896300.0,-2.52,-2.65,-0.0265
2020-06-29,93.4,94.49,92.18,93.0,18499700,93.22,"June 29, 20",83.28,18499700.0,-0.4,-0.42827,-0.0042827
2020-06-30,92.83,94.66,92.57,94.06,19137000,93.76,"June 30, 20",84.23,19137000.0,1.23,1.33,0.0133
2020-07-01,94.89,95.71,93.03,93.26,18755700,94.0,"July 01, 20",83.52,18755700.0,-1.63,-1.72,-0.0172
2020-07-02,94.74,94.96,91.93,92.66,27845600,93.18,"July 02, 20",83.79,27845600.0,-2.08,-2.2,-0.022
2020-07-06,94.43,95.2,93.48,95.0,18625300,94.56,"July 06, 20",85.91,18625300.0,0.57,0.60362,0.0060362
2020-07-07,93.82,94.1,92.0,92.32,25757200,92.81,"July 07, 20",83.48,25757200.0,-1.5,-1.6,-0.016
2020-07-08,92.29,93.34,91.8,93.3,18762200,92.81,"July 08, 20",84.37,18762200.0,1.01,1.09,0.0109
2020-07-09,93.52,94.12,90.78,91.28,25600800,92.06,"July 09, 20",82.54,25600800.0,-2.24,-2.4,-0.024
2020-07-10,92.0,96.84,91.87,96.27,28954200,94.99,"July 10, 20",87.05,28954200.0,4.27,4.64,0.0464
2020-07-13,98.73,99.27,96.23,97.65,32079200,97.72,"July 13, 20",88.3,32079200.0,-1.08,-1.09,-0.0109
2020-07-14,98.37,99.95,96.64,98.21,42731700,98.27,"July 14, 20",88.81,42731700.0,-0.16,-0.16265,-0.0016265
2020-07-15,100.89,101.29,98.65,99.73,22508400,99.89,"July 15, 20",90.18,22508400.0,-1.16,-1.15,-0.0115
2020-07-16,98.78,101.22,98.55,100.01,16886900,99.93,"July 16, 20",90.44,16886900.0,1.23,1.25,0.0125
2020-07-17,100.0,100.08,98.14,98.16,16137700,98.79,"July 17, 20",88.76,16137700.0,-1.84,-1.84,-0.0184
2020-07-20,97.43,98.39,97.26,97.3,14458100,97.65,"July 20, 20",87.98,14458100.0,-0.13,-0.13343,-0.0013343
2020-07-21,97.71,100.05,97.64,99.41,17798100,99.03,"July 21, 20",89.89,17798100.0,1.7,1.74,0.0174
2020-07-22,99.65,100.13,97.53,98.69,14271200,98.78,"July 22, 20",89.24,14271200.0,-0.96,-0.96337,-0.0096337
2020-07-23,98.5,99.35,97.97,98.98,12870200,98.77,"July 23, 20",89.5,12870200.0,0.48,0.48731,0.0048731
2020-07-24,99.6,99.8,97.94,98.28,12744200,98.67,"July 24, 20",88.87,12744200.0,-1.32,-1.33,-0.0133
2020-07-27,97.51,97.63,96.17,96.9,11959100,96.9,"July 27, 20",87.62,11959100.0,-0.61,-0.62558,-0.0062558
2020-07-28,96.5,97.89,96.5,97.32,11754300,97.24,"July 28, 20",88.0,11754300.0,0.82,0.84974,0.0084974
2020-07-29,97.07,99.71,97.0,99.68,12743500,98.8,"July 29, 20",90.14,12743500.0,2.61,2.69,0.0269
2020-07-30,97.54,97.74,96.05,97.02,14834800,96.94,"July 30, 20",87.73,14834800.0,-0.52,-0.53311,-0.0053311
2020-07-31,96.48,96.93,95.25,96.64,14535000,96.27,"July 31, 20",87.39,14535000.0,0.16,0.16584,0.0016584
2020-08-03,97.02,97.57,95.85,96.1,12962800,96.51,"August 03, 20",86.9,12962800.0,-0.92,-0.94826,-0.0094826
2020-08-04,95.91,95.95,95.03,95.55,13366200,95.51,"August 04, 20",86.4,13366200.0,-0.36,-0.37535,-0.0037535
2020-08-05,95.87,98.47,95.72,97.21,15260900,97.13,"August 05, 20",87.9,15260900.0,1.34,1.4,0.014
2020-08-06,97.58,98.1,96.54,97.24,10482100,97.29,"August 06, 20",87.93,10482100.0,-0.34,-0.34843,-0.0034843
2020-08-07,96.93,99.49,96.56,99.38,14743700,98.48,"August 07, 20",89.87,14743700.0,2.45,2.53,0.0253
2020-08-10,100.11,102.04,100.03,100.64,14989900,100.9,"August 10, 20",91.01,14989900.0,0.53,0.52942,0.0052942
2020-08-11,103.86,106.16,103.51,103.82,31518600,104.5,"August 11, 20",93.88,31518600.0,-0.04,-0.03851338,-0.0003851338
2020-08-12,106.16,106.43,101.71,102.94,19240800,103.69,"August 12, 20",93.08,19240800.0,-3.22,-3.03,-0.0303
2020-08-13,102.0,103.36,101.64,102.37,13598600,102.46,"August 13, 20",92.57,13598600.0,0.37,0.36275,0.0036275
2020-08-14,101.5,103.31,101.42,102.41,12134400,102.38,"August 14, 20",92.61,12134400.0,0.91,0.89655,0.0089655
2020-08-17,101.5,102.0,99.53,99.71,14988000,100.41,"August 17, 20",90.16,14988000.0,-1.79,-1.76,-0.0176
2020-08-18,99.91,99.91,98.12,98.32,13246500,98.78,"August 18, 20",88.91,13246500.0,-1.59,-1.59,-0.0159
2020-08-19,98.92,100.59,98.34,98.55,13533000,99.16,"August 19, 20",89.12,13533000.0,-0.37,-0.37404,-0.0037404
2020-08-20,97.26,98.03,96.8,97.37,13672600,97.4,"August 20, 20",88.05,13672600.0,0.11,0.1131,0.001131
2020-08-21,97.27,98.57,96.94,97.32,12228300,97.61,"August 21, 20",88.0,12228300.0,0.05,0.05140331,0.0005140331
2020-08-24,98.45,100.21,97.42,100.06,17898300,99.23,"August 24, 20",90.48,17898300.0,1.61,1.64,0.0164
2020-08-25,101.27,101.98,99.8,100.5,13648900,100.76,"August 25, 20",90.88,13648900.0,-0.77,-0.76034,-0.0076034
2020-08-26,99.94,100.27,99.05,99.09,12052400,99.47,"August 26, 20",89.6,12052400.0,-0.85,-0.85051,-0.0085051
2020-08-27,99.0,102.65,99.0,102.35,22163900,101.33,"August 27, 20",92.55,22163900.0,3.35,3.38,0.0338
2020-08-28,103.14,103.25,101.81,102.77,13756700,102.61,"August 28, 20",92.93,13756700.0,-0.37,-0.35874,-0.0035874
2020-08-31,102.12,102.18,100.02,100.19,14219400,100.8,"August 31, 20",90.6,14219400.0,-1.93,-1.89,-0.0189
2020-09-01,99.55,100.87,99.04,100.14,11595600,100.02,"September 01, 20",90.55,11595600.0,0.59,0.59267,0.0059267
2020-09-02,99.95,101.94,99.56,101.65,14475700,101.05,"September 02, 20",91.92,14475700.0,1.7,1.7,0.017
2020-09-03,103.32,104.99,100.64,101.33,23281200,102.32,"September 03, 20",91.63,23281200.0,-1.99,-1.93,-0.0193
2020-09-04,104.05,105.21,101.37,103.52,26325500,103.37,"September 04, 20",93.61,26325500.0,-0.53,-0.50937,-0.0050937
2020-09-08,102.98,103.57,99.48,99.92,22108600,100.99,"September 08, 20",90.35,22108600.0,-3.06,-2.97,-0.0297
2020-09-09,100.8,101.69,99.56,100.87,13434000,100.71,"September 09, 20",91.21,13434000.0,0.07,0.06944444,0.0006944444
2020-09-10,101.4,102.42,99.64,99.83,15922800,100.63,"September 10, 20",90.27,15922800.0,-1.57,-1.55,-0.0155
2020-09-11,99.97,101.36,99.59,101.07,13784300,100.67,"September 11, 20",91.39,13784300.0,1.1,1.1,0.011
2020-09-14,101.51,103.46,101.37,102.47,19017400,102.43,"September 14, 20",92.66,19017400.0,0.96,0.94572,0.0094572
2020-09-15,102.73,102.85,99.14,99.28,23683000,100.42,"September 15, 20",89.78,23683000.0,-3.45,-3.36,-0.0336
2020-09-16,99.43,101.13,98.76,99.7,19270600,99.86,"September 16, 20",90.16,19270600.0,0.27,0.27155,0.0027155
2020-09-17,98.7,99.34,97.71,98.56,18290100,98.54,"September 17, 20",89.12,18290100.0,-0.14,-0.14184,-0.0014184
2020-09-18,97.89,99.49,97.44,98.35,20121600,98.43,"September 18, 20",88.93,20121600.0,0.46,0.46992,0.0046992
2020-09-21,95.2,96.05,93.82,95.31,28378800,95.06,"September 21, 20",86.19,28378800.0,0.11,0.11555,0.0011555
2020-09-22,94.96,95.66,93.67,94.27,19257000,94.53,"September 22, 20",85.24,19257000.0,-0.69,-0.72662,-0.0072662
2020-09-23,94.78,95.35,92.66,92.74,19952700,93.58,"September 23, 20",83.86,19952700.0,-2.04,-2.15,-0.0215
2020-09-24,92.32,94.3,91.38,92.66,18366500,92.78,"September 24, 20",83.79,18366500.0,0.34,0.36828,0.0036828
2020-09-25,92.05,93.72,91.87,93.47,13293100,93.02,"September 25, 20",84.52,13293100.0,1.42,1.54,0.0154
2020-09-28,95.06,96.93,94.35,96.16,20894100,95.81,"September 28, 20",86.95,20894100.0,1.1,1.16,0.0116
2020-09-29,96.03,96.03,94.33,95.35,12848200,95.24,"September 29, 20",86.22,12848200.0,-0.68,-0.70811,-0.0070811
2020-09-30,95.35,97.2,95.26,96.27,16400600,96.24,"September 30, 20",87.05,16400600.0,0.92,0.96487,0.0096487
2020-10-01,97.12,97.77,96.03,96.97,15778700,96.92,"October 01, 20",87.69,15778700.0,-0.15,-0.15445,-0.0015445
2020-10-02,95.25,98.59,95.09,97.89,15149600,97.19,"October 02, 20",88.52,15149600.0,2.64,2.77,0.0277
2020-10-05,98.32,99.25,97.53,99.04,13871900,98.61,"October 05, 20",90.39,13871900.0,0.72,0.7323,0.007323
2020-10-06,100.07,100.86,97.51,98.02,19220400,98.8,"October 06, 20",89.46,19220400.0,-2.05,-2.05,-0.0205
2020-10-07,98.96,100.35,98.67,99.73,16358500,99.58,"October 07, 20",91.02,16358500.0,0.77,0.77809,0.0077809
2020-10-08,100.51,101.92,99.9,101.78,15659000,101.2,"October 08, 20",92.89,15659000.0,1.27,1.26,0.0126
2020-10-09,102.0,102.11,100.11,101.2,13689100,101.14,"October 09, 20",92.36,13689100.0,-0.8,-0.78431,-0.0078431
2020-10-12,101.1,103.0,100.85,102.44,16058000,102.1,"October 12, 20",93.49,16058000.0,1.34,1.33,0.0133
2020-10-13,103.0,103.22,100.26,100.78,21697300,101.42,"October 13, 20",91.98,21697300.0,-2.22,-2.16,-0.0216
2020-10-14,101.03,101.93,100.1,100.22,15204100,100.75,"October 14, 20",91.47,15204100.0,-0.81,-0.80174,-0.0080174
2020-10-15,99.1,101.78,99.04,101.72,17171200,100.85,"October 15, 20",92.84,17171200.0,2.62,2.64,0.0264
2020-10-16,101.41,102.33,100.72,101.51,13275000,101.52,"October 16, 20",92.64,13275000.0,0.1,0.0986096,0.000986096
2020-10-19,101.6,101.87,99.56,99.8,11725700,100.41,"October 19, 20",91.08,11725700.0,-1.8,-1.77,-0.0177
2020-10-20,100.31,101.77,100.12,100.37,11257100,100.75,"October 20, 20",91.6,11257100.0,0.06,0.05981457,0.0005981457
2020-10-21,100.36,100.99,99.33,99.37,10730500,99.9,"October 21, 20",90.69,10730500.0,-0.99,-0.98645,-0.0098645
2020-10-22,99.32,103.24,99.31,102.88,14837200,101.81,"October 22, 20",93.89,14837200.0,3.56,3.58,0.0358
2020-10-23,103.5,104.45,102.93,103.81,15087600,103.73,"October 23, 20",94.74,15087600.0,0.31,0.29952,0.0029952
2020-10-26,102.65,102.7,100.25,101.24,12410700,101.4,"October 26, 20",92.4,12410700.0,-1.41,-1.37,-0.0137
2020-10-27,100.51,100.92,99.16,99.33,10391700,99.8,"October 27, 20",90.65,10391700.0,-1.18,-1.17,-0.0117
2020-10-28,97.5,98.3,96.07,96.54,16389500,96.97,"October 28, 20",88.11,16389500.0,-0.96,-0.98462,-0.0098462
2020-10-29,96.12,97.98,95.24,97.17,14208800,96.8,"October 29, 20",88.68,14208800.0,1.05,1.09,0.0109
2020-10-30,97.91,98.42,96.23,98.04,15194500,97.56,"October 30, 20",89.48,15194500.0,0.13,0.13277,0.0013277
2020-11-02,99.39,100.88,97.86,100.25,15011600,99.66,"November 02, 20",91.49,15011600.0,0.86,0.86528,0.0086528
2020-11-03,103.02,104.74,102.69,103.41,17482600,103.61,"November 03, 20",94.38,17482600.0,0.39,0.37857,0.0037857
2020-11-04,101.0,102.07,98.93,100.25,18886500,100.42,"November 04, 20",91.49,18886500.0,-0.75,-0.74257,-0.0074257
2020-11-05,101.06,105.1,101.0,104.35,17837400,103.48,"November 05, 20",95.24,17837400.0,3.29,3.26,0.0326
2020-11-06,105.03,105.1,102.39,102.96,12552800,103.48,"November 06, 20",93.97,12552800.0,-2.07,-1.97,-0.0197
2020-11-09,113.16,118.9,110.35,116.9,47792400,115.38,"November 09, 20",106.69,47792400.0,3.74,3.31,0.0331
2020-11-10,117.35,117.45,114.69,116.52,20539300,116.22,"November 10, 20",106.34,20539300.0,-0.83,-0.70729,-0.0070729
2020-11-11,116.89,116.96,113.96,114.78,14443400,115.23,"November 11, 20",104.75,14443400.0,-2.11,-1.81,-0.0181
2020-11-12,112.53,113.96,112.06,113.37,22063000,113.13,"November 12, 20",103.47,22063000.0,0.84,0.74647,0.0074647
2020-11-13,114.7,114.86,113.57,114.08,11847900,114.17,"November 13, 20",104.12,11847900.0,-0.62,-0.54054,-0.0054054
2020-11-16,117.79,118.61,115.73,117.3,19858600,117.21,"November 16, 20",107.05,19858600.0,-0.49,-0.41599,-0.0041599
2020-11-17,115.39,116.44,114.58,116.11,14553200,115.71,"November 17, 20",105.97,14553200.0,0.72,0.62397,0.0062397
2020-11-18,117.34,118.61,115.2,115.25,12571200,116.35,"November 18, 20",105.18,12571200.0,-2.09,-1.78,-0.0178
2020-11-19,114.18,115.82,113.56,115.56,10202500,114.98,"November 19, 20",105.47,10202500.0,1.38,1.21,0.0121
2020-11-20,114.43,115.65,114.09,114.57,12718900,114.77,"November 20, 20",104.56,12718900.0,0.14,0.12235,0.0012235
2020-11-23,116.05,118.17,115.57,117.87,13209200,117.2,"November 23, 20",107.57,13209200.0,1.82,1.57,0.0157
2020-11-24,120.07,123.5,119.71,123.32,20121600,122.18,"November 24, 20",112.55,20121600.0,3.25,2.71,0.0271
2020-11-25,121.37,122.38,120.47,122.03,11715600,121.63,"November 25, 20",111.37,11715600.0,0.66,0.54379,0.0054379
2020-11-27,122.0,122.35,121.08,121.22,5983600,121.55,"November 27, 20",110.63,5983600.0,-0.78,-0.63934,-0.0063934
2020-11-30,120.0,120.72,117.77,117.88,14411800,118.79,"November 30, 20",107.58,14411800.0,-2.12,-1.77,-0.0177
2020-12-01,120.34,121.58,119.63,119.74,12668900,120.32,"December 01, 20",109.28,12668900.0,-0.6,-0.49859,-0.0049859
2020-12-02,119.7,122.31,119.27,122.04,10811300,121.21,"December 02, 20",111.38,10811300.0,2.34,1.95,0.0195
2020-12-03,121.85,121.89,120.36,121.24,12904400,121.16,"December 03, 20",110.65,12904400.0,-0.61,-0.50062,-0.0050062
2020-12-04,122.48,123.29,121.69,122.34,13583700,122.44,"December 04, 20",111.65,13583700.0,-0.14,-0.1143,-0.001143
2020-12-07,121.15,122.17,120.21,121.88,9724300,121.42,"December 07, 20",111.23,9724300.0,0.73,0.60256,0.0060256
2020-12-08,121.04,122.33,120.76,122.0,9592100,121.7,"December 08, 20",111.34,9592100.0,0.96,0.79313,0.0079313
2020-12-09,123.17,123.3,120.44,121.05,13073900,121.6,"December 09, 20",110.48,13073900.0,-2.12,-1.72,-0.0172
2020-12-10,119.99,120.78,119.56,120.27,13668400,120.2,"December 10, 20",109.76,13668400.0,0.28,0.23335,0.0023335
2020-12-11,118.94,120.02,118.37,119.56,9981600,119.32,"December 11, 20",109.12,9981600.0,0.62,0.52127,0.0052127
2020-12-14,121.34,121.42,118.11,118.3,12112400,119.28,"December 14, 20",107.97,12112400.0,-3.04,-2.51,-0.0251
2020-12-15,119.29,120.9,118.62,120.32,12590200,119.95,"December 15, 20",109.81,12590200.0,1.03,0.86344,0.0086344
2020-12-16,120.3,121.08,119.86,120.67,11169400,120.54,"December 16, 20",110.13,11169400.0,0.37,0.30756,0.0030756
2020-12-17,121.26,121.45,119.58,119.67,11618000,120.23,"December 17, 20",109.22,11618000.0,-1.59,-1.31,-0.0131
2020-12-18,119.14,119.88,118.27,119.08,28954800,119.08,"December 18, 20",108.68,28954800.0,-0.06,-0.05036092,-0.0005036092
2020-12-21,123.17,125.0,121.09,123.55,28323600,123.21,"December 21, 20",112.76,28323600.0,0.38,0.30852,0.0030852
2020-12-22,123.39,123.52,121.61,121.67,11788200,122.27,"December 22, 20",111.04,11788200.0,-1.72,-1.39,-0.0139
2020-12-23,122.78,126.52,122.35,125.07,14973200,124.65,"December 23, 20",114.15,14973200.0,2.29,1.87,0.0187
2020-12-24,125.09,125.55,123.57,124.52,4164900,124.55,"December 24, 20",113.64,4164900.0,-0.57,-0.45567,-0.0045567
2020-12-28,125.82,126.65,124.79,125.34,8072600,125.59,"December 28, 20",114.39,8072600.0,-0.48,-0.3815,-0.003815
2020-12-29,126.2,126.28,124.89,125.01,8389200,125.39,"December 29, 20",114.09,8389200.0,-1.19,-0.94295,-0.0094295
2020-12-30,125.49,125.85,124.9,125.36,7398000,125.37,"December 30, 20",114.41,7398000.0,-0.13,-0.10359,-0.0010359
2020-12-31,125.09,127.33,124.82,127.07,8580200,126.41,"December 31, 20",115.97,8580200.0,1.98,1.58,0.0158
2021-01-04,127.5,127.86,124.78,125.87,16819900,126.17,"January 04, 21",114.88,16819900.0,-1.63,-1.28,-0.0128
2021-01-05,124.99,126.3,123.77,125.65,13731200,125.24,"January 05, 21",115.5,13731200.0,0.66,0.52804,0.0052804
2021-01-06,129.88,132.77,127.88,131.55,24909100,130.73,"January 06, 21",120.92,24909100.0,1.67,1.29,0.0129
2021-01-07,135.69,138.19,134.92,135.87,21940400,136.33,"January 07, 21",124.9,21940400.0,0.18,0.13266,0.0013266
2021-01-08,135.97,136.35,134.12,136.02,12035100,135.5,"January 08, 21",125.03,12035100.0,0.05,0.03677282,0.0003677282
2021-01-11,134.58,138.2,134.11,138.05,15937900,136.79,"January 11, 21",126.9,15937900.0,3.47,2.58,0.0258
2021-01-12,139.44,141.66,138.83,140.22,18033500,140.24,"January 12, 21",128.89,18033500.0,0.78,0.55938,0.0055938
2021-01-13,138.59,140.79,138.1,140.35,14816800,139.75,"January 13, 21",129.01,14816800.0,1.76,1.27,0.0127
2021-01-14,140.49,142.75,140.0,141.17,18565600,141.31,"January 14, 21",129.77,18565600.0,0.68,0.48402,0.0048402
2021-01-15,137.43,141.65,137.01,138.64,27881000,139.1,"January 15, 21",127.44,27881000.0,1.21,0.88045,0.0088045
2021-01-19,139.86,140.7,137.82,138.04,19843800,138.85,"January 19, 21",126.89,19843800.0,-1.82,-1.3,-0.013
2021-01-20,137.82,138.17,135.44,135.97,16028800,136.53,"January 20, 21",124.99,16028800.0,-1.85,-1.34,-0.0134
2021-01-21,135.69,136.16,134.32,134.83,13411700,135.1,"January 21, 21",123.94,13411700.0,-0.86,-0.6338,-0.006338
2021-01-22,132.69,134.4,132.2,133.79,12933200,133.46,"January 22, 21",122.98,12933200.0,1.1,0.829,0.00829
2021-01-25,132.14,133.17,130.06,132.12,14212800,131.78,"January 25, 21",121.45,14212800.0,-0.02,-0.01513546,-0.0001513546
2021-01-26,132.75,133.17,131.34,131.58,11307800,132.03,"January 26, 21",120.95,11307800.0,-1.17,-0.88136,-0.0088136
2021-01-27,129.59,129.85,127.35,127.86,17603900,128.35,"January 27, 21",117.53,17603900.0,-1.73,-1.33,-0.0133
2021-01-28,129.9,132.17,128.99,130.11,13761800,130.42,"January 28, 21",119.6,13761800.0,0.21,0.16166,0.0016166
2021-01-29,131.19,131.72,128.19,128.67,14808100,129.53,"January 29, 21",118.28,14808100.0,-2.52,-1.92,-0.0192
2021-02-01,129.4,130.07,128.48,129.62,11080700,129.39,"February 01, 21",119.15,11080700.0,0.22,0.17002,0.0017002
2021-02-02,131.94,134.39,131.22,133.61,12253600,133.07,"February 02, 21",122.82,12253600.0,1.67,1.27,0.0127
2021-02-03,133.65,135.76,133.51,135.14,10600800,134.8,"February 03, 21",124.22,10600800.0,1.49,1.11,0.0111
2021-02-04,135.47,138.66,135.47,138.25,12419500,137.46,"February 04, 21",127.08,12419500.0,2.78,2.05,0.0205
2021-02-05,139.39,139.49,137.38,137.98,10051300,138.28,"February 05, 21",126.84,10051300.0,-1.41,-1.01,-0.0101
2021-02-08,138.2,140.3,138.18,140.14,10136400,139.54,"February 08, 21",128.82,10136400.0,1.94,1.4,0.014
2021-02-09,139.43,139.98,138.54,139.58,8614800,139.37,"February 09, 21",128.31,8614800.0,0.15,0.10758,0.0010758
2021-02-10,140.0,140.87,139.04,139.66,10323200,139.86,"February 10, 21",128.38,10323200.0,-0.34,-0.24286,-0.0024286
2021-02-11,139.66,140.55,138.22,139.27,9201000,139.35,"February 11, 21",128.02,9201000.0,-0.39,-0.27925,-0.0027925
2021-02-12,139.05,141.61,139.0,141.25,8324600,140.62,"February 12, 21",129.84,8324600.0,2.2,1.58,0.0158
2021-02-16,143.55,145.32,142.4,144.65,12130600,144.12,"February 16, 21",132.97,12130600.0,1.1,0.76628,0.0076628
2021-02-17,143.95,145.38,143.12,145.1,10810100,144.53,"February 17, 21",133.38,10810100.0,1.15,0.79889,0.0079889
2021-02-18,144.0,145.79,143.4,145.59,10587800,144.93,"February 18, 21",133.83,10587800.0,1.59,1.1,0.011
2021-02-19,145.86,148.84,145.86,148.02,11969800,147.57,"February 19, 21",136.06,11969800.0,2.16,1.48,0.0148
2021-02-22,146.87,150.19,146.79,149.41,11488400,148.8,"February 22, 21",137.34,11488400.0,2.54,1.73,0.0173
2021-02-23,151.51,152.31,149.59,150.61,16234400,150.84,"February 23, 21",138.44,16234400.0,-0.9,-0.59402,-0.0059402
2021-02-24,150.11,153.76,150.11,153.26,15061400,152.38,"February 24, 21",140.88,15061400.0,3.15,2.1,0.021
2021-02-25,154.27,154.9,150.59,151.18,18127700,152.22,"February 25, 21",138.97,18127700.0,-3.09,-2.0,-0.02
2021-02-26,150.3,150.87,146.51,147.17,19829200,148.18,"February 26, 21",135.28,19829200.0,-3.13,-2.08,-0.0208
2021-03-01,149.52,151.38,148.48,150.5,14845500,150.12,"March 01, 21",138.34,14845500.0,0.98,0.65543,0.0065543
2021-03-02,150.08,151.78,149.84,150.01,14221700,150.54,"March 02, 21",137.89,14221700.0,-0.07,-0.04664179,-0.0004664179
2021-03-03,151.23,154.98,150.82,152.91,14324100,152.9,"March 03, 21",140.56,14324100.0,1.68,1.11,0.0111
2021-03-04,152.61,154.38,148.62,150.56,20093900,151.19,"March 04, 21",138.4,20093900.0,-2.05,-1.34,-0.0134
2021-03-05,153.22,153.49,147.97,150.91,18465100,150.79,"March 05, 21",138.72,18465100.0,-2.31,-1.51,-0.0151
2021-03-08,152.47,155.46,150.75,152.91,17133300,153.04,"March 08, 21",140.56,17133300.0,0.44,0.28858,0.0028858
2021-03-09,151.5,154.25,149.82,151.83,16238800,151.97,"March 09, 21",139.57,16238800.0,0.33,0.21782,0.0021782
2021-03-10,151.91,156.16,151.51,155.13,14342200,154.27,"March 10, 21",142.6,14342200.0,3.22,2.12,0.0212
2021-03-11,154.11,156.15,153.36,154.32,11771500,154.61,"March 11, 21",141.86,11771500.0,0.21,0.13627,0.0013627
2021-03-12,156.86,157.63,155.07,156.15,12849500,156.28,"March 12, 21",143.54,12849500.0,-0.71,-0.45263,-0.0045263
2021-03-15,156.35,156.92,153.96,155.37,12101100,155.42,"March 15, 21",142.82,12101100.0,-0.98,-0.6268,-0.006268
2021-03-16,154.09,154.6,152.19,153.51,12805600,153.43,"March 16, 21",141.11,12805600.0,-0.58,-0.3764,-0.003764
2021-03-17,155.34,156.88,153.05,155.09,13952400,155.01,"March 17, 21",142.56,13952400.0,-0.25,-0.16094,-0.0016094
2021-03-18,157.6,161.69,157.11,157.65,21898500,158.82,"March 18, 21",144.92,21898500.0,0.05,0.03172589,0.0003172589
2021-03-19,155.51,155.94,151.19,155.14,54418800,154.09,"March 19, 21",142.61,54418800.0,-0.37,-0.23793,-0.0023793
2021-03-22,152.8,153.97,150.61,150.97,19944800,151.85,"March 22, 21",138.78,19944800.0,-1.83,-1.2,-0.012
2021-03-23,150.33,152.12,148.96,149.46,17076300,150.18,"March 23, 21",137.39,17076300.0,-0.87,-0.57873,-0.0057873
2021-03-24,150.0,153.18,149.86,150.62,13079800,151.22,"March 24, 21",138.45,13079800.0,0.62,0.41333,0.0041333
2021-03-25,150.0,152.97,149.33,152.55,15608300,151.62,"March 25, 21",140.23,15608300.0,2.55,1.7,0.017
2021-03-26,154.3,155.45,152.55,155.09,16754400,154.36,"March 26, 21",142.56,16754400.0,0.79,0.51199,0.0051199
2021-03-29,152.12,153.73,151.04,152.68,17570300,152.48,"March 29, 21",140.35,17570300.0,0.56,0.36813,0.0036813
2021-03-30,154.46,155.87,153.88,154.48,13184300,154.74,"March 30, 21",142.0,13184300.0,0.02,0.01294834,0.0001294834
2021-03-31,153.28,154.49,152.12,152.23,16736700,152.95,"March 31, 21",139.93,16736700.0,-1.05,-0.68502,-0.0068502
2021-04-01,151.9,153.79,151.55,153.71,16561500,153.02,"April 01, 21",141.29,16561500.0,1.81,1.19,0.0119
2021-04-05,154.4,154.94,152.6,153.62,13508000,153.72,"April 05, 21",142.04,13508000.0,-0.78,-0.50518,-0.0050518
2021-04-06,152.79,154.28,151.86,152.54,13071600,152.89,"April 06, 21",141.04,13071600.0,-0.25,-0.16362,-0.0016362
2021-04-07,153.1,155.23,152.65,154.93,16903500,154.27,"April 07, 21",143.25,16903500.0,1.83,1.2,0.012
2021-04-08,154.0,155.51,152.31,155.12,12335500,154.31,"April 08, 21",143.43,12335500.0,1.12,0.72727,0.0072727
2021-04-09,155.81,157.04,154.97,156.28,12122400,156.1,"April 09, 21",144.5,12122400.0,0.47,0.30165,0.0030165
2021-04-12,155.58,157.25,155.57,155.95,12273400,156.26,"April 12, 21",144.2,12273400.0,0.37,0.23782,0.0023782
2021-04-13,154.75,155.2,152.43,154.09,16113600,153.91,"April 13, 21",142.48,16113600.0,-0.66,-0.42649,-0.0042649
2021-04-14,151.47,153.83,150.93,151.21,19939600,151.99,"April 14, 21",139.82,19939600.0,-0.26,-0.17165,-0.0017165
2021-04-15,151.25,152.2,149.32,152.17,17694100,151.23,"April 15, 21",140.7,17694100.0,0.92,0.60826,0.0060826
2021-04-16,153.87,154.51,152.69,153.3,13773400,153.5,"April 16, 21",141.75,13773400.0,-0.57,-0.37044,-0.0037044
2021-04-19,153.42,153.88,152.22,152.65,11900200,152.92,"April 19, 21",141.15,11900200.0,-0.77,-0.50189,-0.0050189
2021-04-20,151.74,151.75,148.65,149.27,13716700,149.89,"April 20, 21",138.02,13716700.0,-2.47,-1.63,-0.0163
2021-04-21,147.79,150.61,146.79,150.54,12236700,149.31,"April 21, 21",139.2,12236700.0,2.75,1.86,0.0186
2021-04-22,150.23,150.3,147.26,147.37,15256100,148.31,"April 22, 21",136.26,15256100.0,-2.86,-1.9,-0.019
2021-04-23,147.18,151.13,146.69,150.19,14041900,149.34,"April 23, 21",138.87,14041900.0,3.01,2.05,0.0205
2021-04-26,150.78,152.46,150.38,150.56,10799100,151.13,"April 26, 21",139.21,10799100.0,-0.22,-0.14591,-0.0014591
2021-04-27,150.5,151.57,150.11,151.25,12821200,150.98,"April 27, 21",139.85,12821200.0,0.75,0.49834,0.0049834
2021-04-28,152.43,152.89,151.4,152.23,8943700,152.17,"April 28, 21",140.76,8943700.0,-0.2,-0.13121,-0.0013121
2021-04-29,153.54,155.28,153.2,155.19,12976900,154.56,"April 29, 21",143.5,12976900.0,1.65,1.07,0.0107
2021-04-30,154.1,154.49,153.01,153.81,11705100,153.77,"April 30, 21",142.22,11705100.0,-0.29,-0.18819,-0.0018819
2021-05-03,154.85,155.48,153.13,153.36,11801100,153.99,"May 03, 21",141.8,11801100.0,-1.49,-0.96222,-0.0096222
2021-05-04,152.87,155.64,152.14,155.48,12977700,154.42,"May 04, 21",143.76,12977700.0,2.61,1.71,0.0171
2021-05-05,156.0,158.28,154.63,157.52,10506700,156.81,"May 05, 21",145.65,10506700.0,1.52,0.97436,0.0097436
2021-05-06,158.07,160.82,157.16,160.69,13542400,159.56,"May 06, 21",148.58,13542400.0,2.62,1.66,0.0166
2021-05-07,157.22,161.5,157.02,161.24,14257800,159.92,"May 07, 21",149.09,14257800.0,4.02,2.56,0.0256
2021-05-10,161.5,163.73,161.12,161.22,14014300,162.02,"May 10, 21",149.07,14014300.0,-0.28,-0.17337,-0.0017337
2021-05-11,161.08,162.39,158.04,158.54,15451700,159.66,"May 11, 21",146.59,15451700.0,-2.54,-1.58,-0.0158
2021-05-12,159.61,160.78,157.03,157.45,14381700,158.42,"May 12, 21",145.58,14381700.0,-2.16,-1.35,-0.0135
2021-05-13,158.18,162.45,157.68,161.5,15395000,160.54,"May 13, 21",149.33,15395000.0,3.32,2.1,0.021
2021-05-14,162.39,164.45,161.99,164.01,10584000,163.48,"May 14, 21",151.65,10584000.0,1.62,0.9976,0.009976
2021-05-17,163.37,164.85,163.03,164.67,9886800,164.18,"May 17, 21",152.26,9886800.0,1.3,0.79574,0.0079574
2021-05-18,164.68,165.5,162.24,162.35,11098100,163.36,"May 18, 21",150.12,11098100.0,-2.33,-1.41,-0.0141
2021-05-19,161.0,161.18,158.64,161.11,13278900,160.31,"May 19, 21",148.97,13278900.0,0.11,0.06832298,0.0006832298
2021-05-20,160.83,161.86,159.52,160.83,10426000,160.74,"May 20, 21",148.71,10426000.0,0.0,0.0,0.0
2021-05-21,161.34,163.22,160.94,162.66,10249000,162.27,"May 21, 21",150.4,10249000.0,1.32,0.81815,0.0081815
2021-05-24,163.36,164.23,162.12,163.54,9440300,163.3,"May 24, 21",151.22,9440300.0,0.18,0.11019,0.0011019
2021-05-25,163.85,165.7,161.56,161.85,12609100,163.04,"May 25, 21",149.65,12609100.0,-2.0,-1.22,-0.0122
2021-05-26,163.57,163.74,161.31,161.83,13058300,162.29,"May 26, 21",149.63,13058300.0,-1.74,-1.06,-0.0106
2021-05-27,163.95,164.75,162.57,164.35,15707500,163.89,"May 27, 21",151.96,15707500.0,0.4,0.24398,0.0024398
2021-05-28,164.68,164.94,163.26,164.24,10291300,164.15,"May 28, 21",151.86,10291300.0,-0.44,-0.26718,-0.0026718
2021-06-01,165.87,166.91,165.48,166.05,9445400,166.15,"June 01, 21",153.54,9445400.0,0.18,0.10852,0.0010852
2021-06-02,167.26,167.44,165.53,166.06,10498600,166.34,"June 02, 21",153.55,10498600.0,-1.2,-0.71745,-0.0071745
2021-06-03,165.41,167.25,164.66,166.17,13354400,166.03,"June 03, 21",153.65,13354400.0,0.76,0.45946,0.0045946
2021-06-04,166.21,166.67,165.03,166.44,8510800,166.05,"June 04, 21",153.9,8510800.0,0.23,0.13838,0.0013838
2021-06-07,167.0,167.1,165.14,165.66,7267200,165.97,"June 07, 21",153.18,7267200.0,-1.34,-0.8024,-0.008024
2021-06-08,164.49,165.76,163.16,165.0,10370700,164.64,"June 08, 21",152.57,10370700.0,0.51,0.31005,0.0031005
2021-06-09,164.14,164.22,162.28,162.94,12377400,163.15,"June 09, 21",150.66,12377400.0,-1.2,-0.73108,-0.0073108
2021-06-10,164.36,165.24,160.31,160.4,12119400,161.98,"June 10, 21",148.31,12119400.0,-3.96,-2.41,-0.0241
2021-06-11,160.43,161.2,159.06,160.29,13683800,160.18,"June 11, 21",148.21,13683800.0,-0.14,-0.08726547,-0.0008726547
2021-06-14,160.15,160.33,156.66,157.57,19917900,158.19,"June 14, 21",145.7,19917900.0,-2.58,-1.61,-0.0161
2021-06-15,156.7,156.92,154.13,155.18,24485500,155.41,"June 15, 21",143.49,24485500.0,-1.52,-0.97001,-0.0097001
2021-06-16,154.73,157.62,153.11,156.27,25321200,155.67,"June 16, 21",144.49,25321200.0,1.54,0.99528,0.0099528
2021-06-17,157.1,157.46,151.25,151.76,29722400,153.49,"June 17, 21",140.32,29722400.0,-5.34,-3.4,-0.034
2021-06-18,149.3,149.7,147.56,147.92,43595700,148.39,"June 18, 21",136.77,43595700.0,-1.38,-0.92431,-0.0092431
2021-06-21,149.08,151.2,149.02,150.43,18664800,150.22,"June 21, 21",139.09,18664800.0,1.35,0.90555,0.0090555
2021-06-22,150.6,150.97,148.66,150.21,14251200,149.95,"June 22, 21",138.89,14251200.0,-0.39,-0.25896,-0.0025896
2021-06-23,150.2,152.04,150.09,151.12,12733300,151.08,"June 23, 21",139.73,12733300.0,0.92,0.61252,0.0061252
2021-06-24,151.92,153.12,151.22,152.51,13733200,152.28,"June 24, 21",141.02,13733200.0,0.59,0.38836,0.0038836
2021-06-25,152.59,154.5,151.67,154.05,15484900,153.41,"June 25, 21",142.44,15484900.0,1.46,0.95681,0.0095681
2021-06-28,153.7,154.48,152.12,154.33,14125800,153.64,"June 28, 21",142.7,14125800.0,0.63,0.40989,0.0040989
2021-06-29,155.0,156.31,153.61,154.14,14528700,154.69,"June 29, 21",142.52,14528700.0,-0.86,-0.55484,-0.0055484
2021-06-30,153.75,156.08,153.71,155.54,12531000,155.11,"June 30, 21",143.82,12531000.0,1.79,1.16,0.0116
2021-07-01,156.26,157.14,155.42,157.08,10479400,156.55,"July 01, 21",145.24,10479400.0,0.82,0.52477,0.0052477
2021-07-02,155.95,156.32,155.12,156.03,11424000,155.82,"July 02, 21",145.1,11424000.0,0.08,0.05129849,0.0005129849
2021-07-06,155.78,155.78,152.35,153.41,15083400,153.85,"July 06, 21",142.67,15083400.0,-2.37,-1.52,-0.0152
2021-07-07,152.01,154.28,151.55,153.59,12271800,153.14,"July 07, 21",142.83,12271800.0,1.58,1.04,0.0104
2021-07-08,151.61,152.53,150.04,150.94,17834600,151.17,"July 08, 21",140.37,17834600.0,-0.67,-0.44192,-0.0044192
2021-07-09,153.05,156.15,152.58,155.77,13694500,154.83,"July 09, 21",144.86,13694500.0,2.72,1.78,0.0178
2021-07-12,154.35,159.16,153.94,158.0,19940400,157.03,"July 12, 21",146.94,19940400.0,3.65,2.36,0.0236
2021-07-13,156.05,157.39,153.5,155.65,22671700,155.51,"July 13, 21",144.75,22671700.0,-0.4,-0.25633,-0.0025633
2021-07-14,155.95,157.28,152.95,155.12,14622800,155.12,"July 14, 21",144.26,14622800.0,-0.83,-0.53222,-0.0053222
2021-07-15,153.9,156.53,153.7,155.46,11539300,155.23,"July 15, 21",144.57,11539300.0,1.56,1.01,0.0101
2021-07-16,155.96,156.28,151.02,151.91,14002700,153.07,"July 16, 21",141.27,14002700.0,-4.05,-2.6,-0.026
2021-07-19,148.55,149.82,145.71,146.97,22172900,147.5,"July 19, 21",136.68,22172900.0,-1.58,-1.06,-0.0106
2021-07-20,146.52,151.12,146.33,149.71,15385200,149.05,"July 20, 21",139.23,15385200.0,3.19,2.18,0.0218
2021-07-21,152.05,153.65,151.36,152.86,12356700,152.62,"July 21, 21",142.16,12356700.0,0.81,0.53272,0.0053272
2021-07-22,152.88,153.44,149.97,150.93,9913300,151.45,"July 22, 21",140.36,9913300.0,-1.95,-1.28,-0.0128
2021-07-23,151.48,152.84,150.25,150.64,9666100,151.24,"July 23, 21",140.09,9666100.0,-0.84,-0.55453,-0.0055453
2021-07-26,150.19,151.96,150.17,151.65,8208000,151.26,"July 26, 21",141.03,8208000.0,1.46,0.9721,0.009721
2021-07-27,150.4,152.49,149.8,151.45,11218700,151.25,"July 27, 21",140.84,11218700.0,1.05,0.69814,0.0069814
2021-07-28,152.29,152.77,150.88,151.7,9217300,151.78,"July 28, 21",141.08,9217300.0,-0.59,-0.38742,-0.0038742
2021-07-29,153.14,153.87,151.91,153.0,9063500,152.93,"July 29, 21",142.29,9063500.0,-0.14,-0.09141962,-0.0009141962
2021-07-30,152.58,153.67,151.2,151.78,9805200,152.22,"July 30, 21",141.15,9805200.0,-0.8,-0.52432,-0.0052432
2021-08-02,152.03,154.45,151.07,151.17,10203200,152.23,"August 02, 21",140.58,10203200.0,-0.86,-0.56568,-0.0056568
2021-08-03,151.95,153.32,149.52,152.89,10394800,151.91,"August 03, 21",142.18,10394800.0,0.94,0.61862,0.0061862
2021-08-04,151.25,153.37,150.91,151.24,10155000,151.84,"August 04, 21",140.65,10155000.0,-0.01,-0.00661157,-6.61157e-05
2021-08-05,152.28,153.69,152.01,153.15,9151500,152.95,"August 05, 21",142.42,9151500.0,0.87,0.57132,0.0057132
2021-08-06,155.19,157.82,155.11,157.5,13328800,156.81,"August 06, 21",146.47,13328800.0,2.31,1.49,0.0149
2021-08-09,157.52,158.55,155.9,157.33,9516900,157.26,"August 09, 21",146.31,9516900.0,-0.19,-0.12062,-0.0012062
2021-08-10,156.74,159.98,156.31,159.26,8667000,158.52,"August 10, 21",148.11,8667000.0,2.52,1.61,0.0161
2021-08-11,160.0,161.5,159.08,161.16,9156500,160.58,"August 11, 21",149.87,9156500.0,1.16,0.725,0.00725
2021-08-12,161.88,162.37,160.55,161.79,8844200,161.57,"August 12, 21",150.46,8844200.0,-0.09,-0.05559674,-0.0005559674
2021-08-13,161.79,162.16,159.57,159.98,8980900,160.57,"August 13, 21",148.78,8980900.0,-1.81,-1.12,-0.0112
2021-08-16,158.94,159.03,156.78,158.93,8755800,158.25,"August 16, 21",147.8,8755800.0,-0.01,-0.00629168,-6.29168e-05
2021-08-17,157.57,158.86,155.27,157.01,9347200,157.05,"August 17, 21",146.01,9347200.0,-0.56,-0.3554,-0.003554
2021-08-18,156.31,158.01,155.34,155.58,8065500,156.31,"August 18, 21",144.68,8065500.0,-0.73,-0.46702,-0.0046702
2021-08-19,153.16,155.56,153.01,154.28,9517700,154.28,"August 19, 21",143.48,9517700.0,1.12,0.73126,0.0073126
2021-08-20,154.35,154.9,153.16,154.72,6974100,154.26,"August 20, 21",143.88,6974100.0,0.37,0.23971,0.0023971
2021-08-23,155.33,157.09,155.24,156.7,7934600,156.34,"August 23, 21",145.73,7934600.0,1.37,0.88199,0.0088199
2021-08-24,157.0,158.55,156.87,157.67,7670900,157.7,"August 24, 21",146.63,7670900.0,0.67,0.42675,0.0042675
2021-08-25,158.51,161.78,157.8,160.92,11335000,160.17,"August 25, 21",149.65,11335000.0,2.41,1.52,0.0152
2021-08-26,162.26,163.83,161.15,161.75,11027500,162.24,"August 26, 21",150.42,11027500.0,-0.51,-0.31431,-0.0031431
2021-08-27,161.75,163.16,161.26,163.05,8780200,162.49,"August 27, 21",151.63,8780200.0,1.3,0.80371,0.0080371
2021-08-30,163.21,163.49,159.88,160.44,7937600,161.27,"August 30, 21",149.2,7937600.0,-2.77,-1.7,-0.017
2021-08-31,160.44,161.37,159.35,159.95,12340800,160.22,"August 31, 21",148.75,12340800.0,-0.49,-0.30541,-0.0030541
2021-09-01,160.22,160.76,158.97,159.72,8729900,159.82,"September 01, 21",148.53,8729900.0,-0.5,-0.31207,-0.0031207
2021-09-02,160.02,161.61,159.43,160.46,8813300,160.5,"September 02, 21",149.22,8813300.0,0.44,0.27497,0.0027497
2021-09-03,160.39,160.89,159.15,159.49,7959700,159.84,"September 03, 21",148.32,7959700.0,-0.9,-0.56113,-0.0056113
2021-09-07,159.99,161.38,158.96,159.21,9285600,159.85,"September 07, 21",148.06,9285600.0,-0.78,-0.48753,-0.0048753
2021-09-08,158.89,159.58,158.04,158.5,7852700,158.71,"September 08, 21",147.4,7852700.0,-0.39,-0.24545,-0.0024545
2021-09-09,158.27,160.83,158.08,159.19,7904300,159.37,"September 09, 21",148.04,7904300.0,0.92,0.58129,0.0058129
2021-09-10,160.56,160.72,157.22,157.36,8311600,158.43,"September 10, 21",146.34,8311600.0,-3.2,-1.99,-0.0199
2021-09-13,158.53,160.05,158.07,159.86,10052800,159.33,"September 13, 21",148.66,10052800.0,1.33,0.83896,0.0083896
2021-09-14,160.45,161.34,156.26,157.07,11685600,158.22,"September 14, 21",146.07,11685600.0,-3.38,-2.11,-0.0211
2021-09-15,156.72,158.69,156.47,158.16,11691500,157.77,"September 15, 21",147.08,11691500.0,1.44,0.91884,0.0091884
2021-09-16,159.41,160.85,157.22,158.09,10880900,158.72,"September 16, 21",147.02,10880900.0,-1.32,-0.82805,-0.0082805
2021-09-17,157.38,159.01,157.0,157.68,25581600,157.9,"September 17, 21",146.64,25581600.0,0.3,0.19062,0.0019062
2021-09-20,153.89,154.56,150.49,152.96,15819900,152.67,"September 20, 21",142.25,15819900.0,-0.93,-0.60433,-0.0060433
2021-09-21,153.53,154.55,152.58,152.98,8999900,153.37,"September 21, 21",142.27,8999900.0,-0.55,-0.35824,-0.0035824
2021-09-22,155.2,157.25,155.1,155.91,11236200,156.09,"September 22, 21",144.99,11236200.0,0.71,0.45747,0.0045747
2021-09-23,158.0,161.71,157.67,161.18,12336100,160.19,"September 23, 21",149.89,12336100.0,3.18,2.01,0.0201
2021-09-24,161.44,163.59,160.82,163.04,10102400,162.48,"September 24, 21",151.62,10102400.0,1.6,0.99108,0.0099108
2021-09-27,165.0,167.4,164.61,166.98,13220900,166.33,"September 27, 21",155.29,13220900.0,1.98,1.2,0.012
2021-09-28,167.7,169.3,165.66,166.08,13387900,167.01,"September 28, 21",154.45,13387900.0,-1.62,-0.96601,-0.0096601
2021-09-29,166.21,166.9,165.04,165.95,7777100,165.96,"September 29, 21",154.33,7777100.0,-0.26,-0.15643,-0.0015643
2021-09-30,166.92,166.99,162.79,163.69,13161200,164.49,"September 30, 21",152.23,13161200.0,-3.23,-1.94,-0.0194
2021-10-01,164.0,168.3,163.6,167.13,11285000,166.34,"October 01, 21",155.43,11285000.0,3.13,1.91,0.0191
2021-10-04,166.97,170.44,165.73,166.95,14120000,167.71,"October 04, 21",155.26,14120000.0,-0.02,-0.0119782,-0.000119782
2021-10-05,167.21,170.14,166.67,168.66,12292900,168.49,"October 05, 21",157.79,12292900.0,1.45,0.86717,0.0086717
2021-10-06,167.99,169.1,166.0,169.02,8692600,168.04,"October 06, 21",158.13,8692600.0,1.03,0.61313,0.0061313
2021-10-07,171.2,171.51,169.54,170.09,10195400,170.38,"October 07, 21",159.13,10195400.0,-1.11,-0.64836,-0.0064836
2021-10-08,170.02,171.34,169.3,170.22,8190100,170.29,"October 08, 21",159.25,8190100.0,0.2,0.11763,0.0011763
2021-10-11,170.8,171.29,166.46,166.64,12154700,168.13,"October 11, 21",155.9,12154700.0,-4.16,-2.44,-0.0244
2021-10-12,165.75,166.69,164.77,165.36,13032600,165.61,"October 12, 21",154.71,13032600.0,-0.39,-0.23529,-0.0023529
2021-10-13,164.07,165.41,160.6,161.0,22753500,162.34,"October 13, 21",150.63,22753500.0,-3.07,-1.87,-0.0187
2021-10-14,161.75,164.01,160.06,163.47,15176800,162.51,"October 14, 21",152.94,15176800.0,1.72,1.06,0.0106
2021-10-15,165.35,167.17,164.14,166.61,14267400,165.97,"October 15, 21",155.88,14267400.0,1.26,0.76202,0.0076202
2021-10-18,166.48,168.61,165.91,166.55,12672900,167.02,"October 18, 21",155.82,12672900.0,0.07,0.04204709,0.0004204709
2021-10-19,167.4,168.65,166.58,168.57,8053900,167.93,"October 19, 21",157.71,8053900.0,1.17,0.69892,0.0069892
2021-10-20,168.3,170.87,167.46,170.84,8185600,169.72,"October 20, 21",159.83,8185600.0,2.54,1.51,0.0151
2021-10-21,170.76,171.33,168.68,169.5,8415200,169.84,"October 21, 21",158.58,8415200.0,-1.26,-0.73788,-0.0073788
2021-10-22,170.03,172.09,169.7,171.78,8817900,171.19,"October 22, 21",160.71,8817900.0,1.75,1.03,0.0103
2021-10-25,172.71,172.96,170.48,170.94,10159200,171.46,"October 25, 21",159.93,10159200.0,-1.77,-1.02,-0.0102
2021-10-26,171.0,172.49,170.54,171.4,8015100,171.48,"October 26, 21",160.36,8015100.0,0.4,0.23392,0.0023392
2021-10-27,170.32,170.7,167.34,167.83,9847000,168.62,"October 27, 21",157.02,9847000.0,-2.49,-1.46,-0.0146
2021-10-28,168.3,170.51,167.96,170.36,7212900,169.61,"October 28, 21",159.38,7212900.0,2.06,1.22,0.0122
2021-10-29,171.18,172.24,169.39,169.89,8140100,170.51,"October 29, 21",158.94,8140100.0,-1.29,-0.75359,-0.0075359
2021-11-01,172.04,172.33,169.01,169.8,7435500,170.38,"November 01, 21",158.86,7435500.0,-2.24,-1.3,-0.013
2021-11-02,169.8,171.69,168.92,170.47,7173800,170.36,"November 02, 21",159.49,7173800.0,0.67,0.39458,0.0039458
2021-11-03,170.13,171.13,169.15,170.53,8402700,170.27,"November 03, 21",159.54,8402700.0,0.4,0.23511,0.0023511
2021-11-04,170.0,170.2,166.49,168.29,9574200,168.33,"November 04, 21",157.45,9574200.0,-1.71,-1.01,-0.0101
2021-11-05,168.9,170.09,167.41,168.05,7975600,168.52,"November 05, 21",157.22,7975600.0,-0.85,-0.50326,-0.0050326
2021-11-08,169.05,170.92,168.74,169.06,6413700,169.57,"November 08, 21",158.17,6413700.0,0.01,0.00591541,5.91541e-05
2021-11-09,167.35,168.47,166.6,167.78,7990300,167.62,"November 09, 21",156.97,7990300.0,0.43,0.25695,0.0025695
2021-11-10,167.45,168.95,167.09,167.62,6999200,167.89,"November 10, 21",156.82,6999200.0,0.17,0.10152,0.0010152
2021-11-11,167.52,168.68,166.9,167.61,5815300,167.73,"November 11, 21",156.81,5815300.0,0.09,0.05372493,0.0005372493
2021-11-12,167.65,167.74,165.72,166.86,8113400,166.77,"November 12, 21",156.11,8113400.0,-0.79,-0.47122,-0.0047122
2021-11-15,167.21,167.79,166.0,166.56,6492500,166.78,"November 15, 21",155.83,6492500.0,-0.65,-0.38873,-0.0038873
2021-11-16,167.06,167.07,165.12,165.36,9706100,165.85,"November 16, 21",154.71,9706100.0,-1.7,-1.02,-0.0102
2021-11-17,165.21,165.56,163.39,164.47,9909600,164.47,"November 17, 21",153.87,9909600.0,-0.74,-0.44791,-0.0044791
2021-11-18,164.39,164.85,162.56,163.05,8122500,163.49,"November 18, 21",152.55,8122500.0,-1.34,-0.81513,-0.0081513
2021-11-19,161.3,162.11,159.45,160.92,12193600,160.83,"November 19, 21",150.55,12193600.0,-0.38,-0.23559,-0.0023559
2021-11-22,164.16,165.98,162.99,164.35,14549900,164.44,"November 22, 21",153.76,14549900.0,0.19,0.11574,0.0011574
2021-11-23,165.5,168.56,165.37,168.28,12354400,167.4,"November 23, 21",157.44,12354400.0,2.78,1.68,0.0168
2021-11-24,168.46,169.44,166.44,166.96,9629800,167.61,"November 24, 21",156.2,9629800.0,-1.5,-0.89042,-0.0089042
2021-11-26,162.14,162.65,158.82,161.93,13619300,161.13,"November 26, 21",151.5,13619300.0,-0.21,-0.12952,-0.0012952
2021-11-29,163.31,164.78,159.82,161.23,12104400,161.94,"November 29, 21",150.84,12104400.0,-2.08,-1.27,-0.0127
2021-11-30,159.16,160.63,158.29,158.83,18922600,159.25,"November 30, 21",148.6,18922600.0,-0.33,-0.20734,-0.0020734
2021-12-01,161.0,163.27,157.8,157.89,12253400,159.65,"December 01, 21",147.72,12253400.0,-3.11,-1.93,-0.0193
2021-12-02,159.83,163.25,158.8,161.21,12969900,161.09,"December 02, 21",150.82,12969900.0,1.38,0.86342,0.0086342
2021-12-03,161.5,161.83,157.19,158.29,12681800,159.1,"December 03, 21",148.09,12681800.0,-3.21,-1.99,-0.0199
2021-12-06,161.01,162.61,159.46,160.16,11186500,160.74,"December 06, 21",149.84,11186500.0,-0.85,-0.52792,-0.0052792
2021-12-07,161.88,163.39,161.16,162.57,9851600,162.37,"December 07, 21",152.1,9851600.0,0.69,0.42624,0.0042624
2021-12-08,162.66,163.27,160.17,160.71,11705700,161.38,"December 08, 21",150.36,11705700.0,-1.95,-1.2,-0.012
2021-12-09,159.65,160.93,158.65,160.46,11189600,160.01,"December 09, 21",150.12,11189600.0,0.81,0.50736,0.0050736
2021-12-10,161.32,161.7,159.13,159.82,10405400,160.22,"December 10, 21",149.52,10405400.0,-1.5,-0.92983,-0.0092983
2021-12-13,159.5,159.79,157.28,157.92,12069000,158.33,"December 13, 21",147.75,12069000.0,-1.58,-0.9906,-0.009906
2021-12-14,157.45,160.89,157.3,159.13,12563600,159.11,"December 14, 21",148.88,12563600.0,1.68,1.07,0.0107
2021-12-15,159.85,159.85,157.35,157.94,14014200,158.38,"December 15, 21",147.76,14014200.0,-1.91,-1.19,-0.0119
2021-12-16,160.39,161.82,158.7,160.41,19542800,160.31,"December 16, 21",150.08,19542800.0,0.02,0.01246961,0.0001246961
2021-12-17,159.32,159.38,155.18,156.76,28082000,157.11,"December 17, 21",146.66,28082000.0,-2.56,-1.61,-0.0161
2021-12-20,154.51,154.7,151.84,153.94,15148000,153.49,"December 20, 21",144.02,15148000.0,-0.57,-0.36891,-0.0036891
2021-12-21,155.41,157.18,155.09,156.09,11291300,156.12,"December 21, 21",146.03,11291300.0,0.68,0.43755,0.0043755
2021-12-22,155.75,157.06,155.24,156.7,7273000,156.33,"December 22, 21",146.6,7273000.0,0.95,0.60995,0.0060995
2021-12-23,157.61,159.12,157.21,157.26,8055200,157.86,"December 23, 21",147.13,8055200.0,-0.35,-0.22207,-0.0022207
2021-12-27,157.6,158.2,156.34,158.16,6188100,157.57,"December 27, 21",147.97,6188100.0,0.56,0.35533,0.0035533
2021-12-28,158.2,160.15,158.08,158.64,6342300,158.96,"December 28, 21",148.42,6342300.0,0.44,0.27813,0.0027813
2021-12-29,158.85,159.63,158.15,158.56,6398900,158.78,"December 29, 21",148.34,6398900.0,-0.29,-0.18256,-0.0018256
2021-12-30,159.11,160.24,158.37,158.48,6948200,159.03,"December 30, 21",148.27,6948200.0,-0.63,-0.39595,-0.0039595
2021-12-31,158.45,159.29,157.96,158.35,5805900,158.53,"December 31, 21",148.15,5805900.0,-0.1,-0.06311139,-0.0006311139
2022-01-03,159.86,162.64,159.51,161.7,13120900,161.28,"January 03, 22",151.28,13120900.0,1.84,1.15,0.0115
2022-01-04,164.31,168.58,164.23,167.83,20195800,166.88,"January 04, 22",157.02,20195800.0,3.52,2.14,0.0214
2022-01-05,167.82,168.36,163.73,163.78,17539400,165.29,"January 05, 22",154.15,17539400.0,-4.04,-2.41,-0.0241
2022-01-06,166.91,167.37,163.87,165.52,14047500,165.59,"January 06, 22",155.78,14047500.0,-1.39,-0.83278,-0.0083278
2022-01-07,165.67,167.53,165.06,167.16,13913300,166.58,"January 07, 22",157.33,13913300.0,1.49,0.89938,0.0089938
2022-01-10,169.07,169.31,165.53,167.32,12922500,167.39,"January 10, 22",157.48,12922500.0,-1.75,-1.04,-0.0104
2022-01-11,168.26,168.52,166.31,167.49,11854100,167.44,"January 11, 22",157.64,11854100.0,-0.77,-0.45763,-0.0045763
2022-01-12,168.46,169.59,167.18,168.44,12568000,168.4,"January 12, 22",158.53,12568000.0,-0.02,-0.01187225,-0.0001187225
2022-01-13,168.34,169.81,167.89,168.23,13623400,168.64,"January 13, 22",158.33,13623400.0,-0.11,-0.06534395,-0.0006534395
2022-01-14,160.76,161.03,156.9,157.89,40158400,158.61,"January 14, 22",148.6,40158400.0,-2.87,-1.79,-0.0179
2022-01-18,155.78,155.78,150.54,151.27,32324800,152.53,"January 18, 22",142.37,32324800.0,-4.51,-2.9,-0.029
2022-01-19,151.57,152.23,148.55,148.93,22380000,149.9,"January 19, 22",140.17,22380000.0,-2.64,-1.74,-0.0174
2022-01-20,148.99,150.61,147.36,147.66,14860800,148.54,"January 20, 22",138.97,14860800.0,-1.33,-0.89268,-0.0089268
2022-01-21,147.5,147.51,144.27,145.08,20705400,145.62,"January 21, 22",136.55,20705400.0,-2.42,-1.64,-0.0164
2022-01-24,142.28,145.48,139.57,144.95,28471400,143.33,"January 24, 22",136.42,28471400.0,2.67,1.88,0.0188
2022-01-25,143.65,146.85,140.79,146.53,18915900,144.72,"January 25, 22",137.91,18915900.0,2.88,2.0,0.02
2022-01-26,148.72,150.57,145.96,147.92,20709100,148.15,"January 26, 22",139.22,20709100.0,-0.8,-0.53792,-0.0053792
2022-01-27,149.42,150.38,144.13,145.31,17536800,146.61,"January 27, 22",136.76,17536800.0,-4.11,-2.75,-0.0275
2022-01-28,144.19,146.76,142.17,146.61,14117000,145.18,"January 28, 22",137.99,14117000.0,2.42,1.68,0.0168
2022-01-31,145.64,148.79,144.67,148.6,13985700,147.35,"January 31, 22",139.86,13985700.0,2.96,2.03,0.0203
2022-02-01,148.69,151.47,148.3,151.15,14584900,150.31,"February 01, 22",142.26,14584900.0,2.46,1.65,0.0165
2022-02-02,150.5,150.94,148.07,149.94,12441100,149.65,"February 02, 22",141.12,12441100.0,-0.56,-0.37209,-0.0037209
2022-02-03,150.0,151.65,148.29,148.7,12474900,149.55,"February 03, 22",139.95,12474900.0,-1.3,-0.86667,-0.0086667
2022-02-04,149.1,153.5,148.77,152.56,16654400,151.61,"February 04, 22",143.59,16654400.0,3.46,2.32,0.0232
2022-02-07,153.27,153.62,150.85,153.07,12572300,152.51,"February 07, 22",144.07,12572300.0,-0.2,-0.13049,-0.0013049
2022-02-08,155.0,158.48,154.8,155.95,20411400,156.41,"February 08, 22",146.78,20411400.0,0.95,0.6129,0.006129
2022-02-09,156.59,157.43,155.82,156.6,9131100,156.62,"February 09, 22",147.39,9131100.0,0.01,0.0063861,6.3861e-05
2022-02-10,156.66,159.03,155.22,155.95,16455600,156.73,"February 10, 22",146.78,16455600.0,-0.71,-0.45321,-0.0045321
2022-02-11,155.61,158.19,152.97,153.92,16830000,155.03,"February 11, 22",144.87,16830000.0,-1.69,-1.09,-0.0109
2022-02-14,152.73,153.68,150.32,152.49,17026500,152.16,"February 14, 22",143.52,17026500.0,-0.24,-0.15714,-0.0015714
2022-02-15,154.51,155.94,153.85,154.72,9500000,154.84,"February 15, 22",145.62,9500000.0,0.21,0.13591,0.0013591
2022-02-16,153.74,156.1,153.74,155.0,9076500,154.95,"February 16, 22",145.88,9076500.0,1.26,0.81957,0.0081957
2022-02-17,153.0,153.73,150.67,151.43,11367500,151.94,"February 17, 22",142.52,11367500.0,-1.57,-1.03,-0.0103
2022-02-18,152.13,154.14,151.13,152.14,11733300,152.47,"February 18, 22",143.19,11733300.0,0.01,0.00657333,6.57333e-05
2022-02-22,150.6,153.24,150.41,151.87,11333500,151.84,"February 22, 22",142.94,11333500.0,1.27,0.84329,0.0084329
2022-02-23,153.12,153.3,147.97,148.69,11799000,149.99,"February 23, 22",139.94,11799000.0,-4.43,-2.89,-0.0289
2022-02-24,142.94,144.99,139.78,144.55,25655100,143.11,"February 24, 22",136.05,25655100.0,1.61,1.13,0.0113
2022-02-25,145.25,150.13,144.91,147.97,18367700,147.67,"February 25, 22",139.27,18367700.0,2.72,1.87,0.0187
2022-02-28,143.55,145.06,140.88,141.8,31315300,142.58,"February 28, 22",133.46,31315300.0,-1.75,-1.22,-0.0122
2022-03-01,140.04,140.48,133.58,136.45,36840400,136.84,"March 01, 22",128.42,36840400.0,-3.59,-2.56,-0.0256
2022-03-02,137.29,140.04,136.61,139.28,19405600,138.64,"March 02, 22",131.09,19405600.0,1.99,1.45,0.0145
2022-03-03,139.84,140.98,137.06,138.29,16640800,138.78,"March 03, 22",130.16,16640800.0,-1.55,-1.11,-0.0111
2022-03-04,134.94,135.42,132.4,134.4,21016000,134.07,"March 04, 22",126.49,21016000.0,-0.54,-0.40018,-0.0040018
2022-03-07,132.17,132.69,128.95,129.21,27560100,130.28,"March 07, 22",121.61,27560100.0,-2.96,-2.24,-0.0224
2022-03-08,129.64,131.79,127.27,128.3,19207800,129.12,"March 08, 22",120.75,19207800.0,-1.34,-1.03,-0.0103
2022-03-09,132.9,135.24,132.44,133.44,17536200,133.71,"March 09, 22",125.59,17536200.0,0.54,0.40632,0.0040632
2022-03-10,131.86,133.45,130.32,131.86,15604200,131.88,"March 10, 22",124.1,15604200.0,0.0,0.0,0.0
2022-03-11,132.49,134.08,128.42,128.89,20061800,130.46,"March 11, 22",121.31,20061800.0,-3.6,-2.72,-0.0272
2022-03-14,129.46,132.92,129.23,130.17,15786900,130.77,"March 14, 22",122.51,15786900.0,0.71,0.54843,0.0054843
2022-03-15,131.8,133.55,131.13,132.48,15096600,132.39,"March 15, 22",124.69,15096600.0,0.68,0.51593,0.0051593
2022-03-16,134.87,138.49,134.43,138.4,20354900,137.11,"March 16, 22",130.26,20354900.0,3.53,2.62,0.0262
2022-03-17,136.86,140.19,135.92,140.15,17050500,138.75,"March 17, 22",131.91,17050500.0,3.29,2.4,0.024
2022-03-18,140.19,140.85,138.46,140.1,23656500,139.8,"March 18, 22",131.86,23656500.0,-0.09,-0.06419859,-0.0006419859
2022-03-21,140.35,140.76,138.73,139.65,12676100,139.71,"March 21, 22",131.44,12676100.0,-0.7,-0.49875,-0.0049875
2022-03-22,142.27,143.93,141.72,142.62,13548600,142.76,"March 22, 22",134.23,13548600.0,0.35,0.24601,0.0024601
2022-03-23,140.98,141.59,139.2,139.78,12093200,140.19,"March 23, 22",131.56,12093200.0,-1.2,-0.85118,-0.0085118
2022-03-24,140.3,140.71,139.11,140.69,10017600,140.17,"March 24, 22",132.41,10017600.0,0.39,0.27798,0.0027798
2022-03-25,141.09,143.18,140.8,141.92,8383500,141.97,"March 25, 22",133.57,8383500.0,0.83,0.58828,0.0058828
2022-03-28,140.0,140.97,137.9,140.87,10818100,139.91,"March 28, 22",132.58,10818100.0,0.87,0.62143,0.0062143
2022-03-29,143.35,143.6,140.24,141.18,11316500,141.67,"March 29, 22",132.88,11316500.0,-2.17,-1.51,-0.0151
2022-03-30,141.9,142.12,139.91,140.54,8771000,140.86,"March 30, 22",132.27,8771000.0,-1.36,-0.95842,-0.0095842
2022-03-31,139.83,140.35,136.26,136.32,17353900,137.64,"March 31, 22",128.3,17353900.0,-3.51,-2.51,-0.0251
2022-04-01,137.4,137.41,133.8,135.31,15721300,135.51,"April 01, 22",127.35,15721300.0,-2.09,-1.52,-0.0152
2022-04-04,134.12,136.94,132.89,135.91,17416400,135.25,"April 04, 22",127.92,17416400.0,1.79,1.33,0.0133
2022-04-05,134.07,135.4,133.01,133.34,12110300,133.92,"April 05, 22",126.43,12110300.0,-0.73,-0.54449,-0.0054449
2022-04-06,131.58,132.56,130.96,131.49,12914700,131.67,"April 06, 22",124.67,12914700.0,-0.09,-0.06839945,-0.0006839945
2022-04-07,130.95,131.92,128.73,131.09,12994200,130.58,"April 07, 22",124.29,12994200.0,0.14,0.10691,0.0010691
2022-04-08,131.67,133.9,131.49,133.49,13126900,132.96,"April 08, 22",126.57,13126900.0,1.82,1.38,0.0138
2022-04-11,133.0,134.9,132.57,133.0,10466400,133.49,"April 11, 22",126.11,10466400.0,0.0,0.0,0.0
2022-04-12,132.14,134.58,130.7,131.54,12989900,132.27,"April 12, 22",124.72,12989900.0,-0.6,-0.45406,-0.0045406
2022-04-13,126.94,129.25,126.01,127.3,30838000,127.52,"April 13, 22",120.7,30838000.0,0.36,0.2836,0.002836
2022-04-14,126.5,128.3,125.02,126.12,18835200,126.48,"April 14, 22",119.58,18835200.0,-0.38,-0.3004,-0.003004
2022-04-18,125.67,129.24,125.54,128.46,11834400,127.75,"April 18, 22",121.8,11834400.0,2.79,2.22,0.0222
2022-04-19,128.45,131.32,128.23,131.12,15015400,130.22,"April 19, 22",124.32,15015400.0,2.67,2.08,0.0208
2022-04-20,132.52,133.51,131.34,131.58,13430200,132.14,"April 20, 22",124.76,13430200.0,-0.94,-0.70933,-0.0070933
2022-04-21,132.22,132.81,129.96,130.56,12174200,131.11,"April 21, 22",123.79,12174200.0,-1.66,-1.26,-0.0126
2022-04-22,130.28,130.52,126.69,126.81,14318800,128.01,"April 22, 22",120.24,14318800.0,-3.47,-2.66,-0.0266
2022-04-25,126.01,127.12,123.11,126.77,17149000,125.67,"April 25, 22",120.2,17149000.0,0.76,0.60313,0.0060313
2022-04-26,124.64,126.41,122.87,123.02,17209500,124.1,"April 26, 22",116.64,17209500.0,-1.62,-1.3,-0.013
2022-04-27,122.33,123.56,121.22,121.42,17215200,122.07,"April 27, 22",115.13,17215200.0,-0.91,-0.74389,-0.0074389
2022-04-28,122.81,123.65,121.14,123.34,13015600,122.71,"April 28, 22",116.95,13015600.0,0.53,0.43156,0.0043156
2022-04-29,123.05,123.61,118.9,119.36,14874800,120.62,"April 29, 22",113.17,14874800.0,-3.69,-3.0,-0.03
2022-05-02,119.88,120.71,118.22,120.45,18545000,119.79,"May 02, 22",114.21,18545000.0,0.57,0.47548,0.0047548
2022-05-03,121.53,124.17,120.78,123.03,15720900,122.66,"May 03, 22",116.65,15720900.0,1.5,1.23,0.0123
2022-05-04,122.8,127.4,122.74,127.1,17128500,125.75,"May 04, 22",120.51,17128500.0,4.3,3.5,0.035
2022-05-05,125.25,126.1,122.16,123.92,15055400,124.06,"May 05, 22",117.5,15055400.0,-1.33,-1.06,-0.0106
2022-05-06,123.8,124.29,121.18,123.72,14417900,123.06,"May 06, 22",117.31,14417900.0,-0.08,-0.06462036,-0.0006462036
2022-05-09,122.11,123.33,120.5,121.86,14312300,121.9,"May 09, 22",115.54,14312300.0,-0.25,-0.20473,-0.0020473
2022-05-10,123.11,123.78,117.56,118.89,16382400,120.08,"May 10, 22",112.73,16382400.0,-4.22,-3.43,-0.0343
2022-05-11,119.3,122.89,117.94,118.14,14630300,119.66,"May 11, 22",112.02,14630300.0,-1.16,-0.97234,-0.0097234
2022-05-12,117.0,118.32,115.37,118.04,16318800,117.24,"May 12, 22",111.92,16318800.0,1.04,0.88889,0.0088889
2022-05-13,119.41,120.25,117.96,119.09,10443200,119.1,"May 13, 22",112.92,10443200.0,-0.32,-0.26798,-0.0026798
2022-05-16,118.54,119.46,117.23,118.26,10269000,118.32,"May 16, 22",112.13,10269000.0,-0.28,-0.23621,-0.0023621
2022-05-17,121.04,122.97,120.81,122.18,11160200,121.99,"May 17, 22",115.85,11160200.0,1.14,0.94184,0.0094184
2022-05-18,121.3,121.97,119.53,120.09,12664900,120.53,"May 18, 22",113.86,12664900.0,-1.21,-0.99753,-0.0099753
2022-05-19,118.19,119.65,117.63,118.31,12765800,118.53,"May 19, 22",112.18,12765800.0,0.12,0.10153,0.0010153
2022-05-20,119.46,119.67,115.02,117.34,13150100,117.34,"May 20, 22",111.26,13150100.0,-2.12,-1.77,-0.0177
2022-05-23,120.46,126.57,120.45,124.6,24376700,123.87,"May 23, 22",118.14,24376700.0,4.14,3.44,0.0344
2022-05-24,124.36,127.49,123.11,126.36,19324900,125.65,"May 24, 22",119.81,19324900.0,2.0,1.61,0.0161
2022-05-25,126.28,127.86,125.17,127.24,12780400,126.76,"May 25, 22",120.64,12780400.0,0.96,0.76022,0.0076022
2022-05-26,128.37,130.19,128.21,129.44,15990900,129.28,"May 26, 22",122.73,15990900.0,1.07,0.83353,0.0083353
2022-05-27,130.16,131.27,129.14,131.27,11177800,130.56,"May 27, 22",124.46,11177800.0,1.11,0.8528,0.008528
2022-05-31,130.18,133.15,129.71,132.23,17015000,131.7,"May 31, 22",125.37,17015000.0,2.05,1.57,0.0157
2022-06-01,132.87,132.87,128.67,129.91,10768000,130.48,"June 01, 22",123.18,10768000.0,-2.96,-2.23,-0.0223
2022-06-02,129.9,132.01,128.67,132.0,8374800,130.89,"June 02, 22",125.16,8374800.0,2.1,1.62,0.0162
2022-06-03,131.21,131.77,129.99,130.16,8596000,130.64,"June 03, 22",123.41,8596000.0,-1.05,-0.80024,-0.0080024
2022-06-06,131.09,132.39,129.46,129.73,11323500,130.53,"June 06, 22",123.0,11323500.0,-1.36,-1.04,-0.0104
2022-06-07,128.83,130.32,128.62,130.07,6722200,129.67,"June 07, 22",123.33,6722200.0,1.24,0.96251,0.0096251
2022-06-08,129.0,129.45,126.9,128.0,8422100,128.12,"June 08, 22",121.36,8422100.0,-1.0,-0.77519,-0.0077519
2022-06-09,127.37,128.1,125.27,125.31,13560100,126.23,"June 09, 22",118.81,13560100.0,-2.06,-1.62,-0.0162
2022-06-10,122.59,123.4,119.32,119.55,12945200,120.76,"June 10, 22",113.35,12945200.0,-3.04,-2.48,-0.0248
2022-06-13,116.86,117.95,115.06,115.99,16805600,116.33,"June 13, 22",109.98,16805600.0,-0.87,-0.74448,-0.0074448
2022-06-14,115.55,117.32,113.22,114.06,13357900,114.87,"June 14, 22",108.15,13357900.0,-1.49,-1.29,-0.0129
2022-06-15,115.62,116.95,113.17,115.41,14083500,115.18,"June 15, 22",109.43,14083500.0,-0.21,-0.18163,-0.0018163
2022-06-16,113.86,114.26,111.87,113.43,16724900,113.19,"June 16, 22",107.55,16724900.0,-0.43,-0.37766,-0.0037766
2022-06-17,113.54,114.63,112.16,113.03,30919900,113.27,"June 17, 22",107.17,30919900.0,-0.51,-0.44918,-0.0044918
2022-06-21,115.87,117.03,115.04,115.83,11680500,115.97,"June 21, 22",109.83,11680500.0,-0.04,-0.03452145,-0.0003452145
2022-06-22,114.88,116.2,114.39,115.18,9842700,115.26,"June 22, 22",109.21,9842700.0,0.3,0.26114,0.0026114
2022-06-23,115.01,115.18,111.48,113.92,11851500,113.53,"June 23, 22",108.01,11851500.0,-1.09,-0.94774,-0.0094774
2022-06-24,113.23,117.82,112.83,117.32,14841100,115.99,"June 24, 22",111.24,14841100.0,4.09,3.61,0.0361
2022-06-27,118.06,118.5,115.64,116.38,11280500,116.84,"June 27, 22",110.35,11280500.0,-1.68,-1.42,-0.0142
2022-06-28,117.67,119.29,115.6,115.82,11590900,116.9,"June 28, 22",109.82,11590900.0,-1.85,-1.57,-0.0157
2022-06-29,116.0,116.82,114.73,115.3,9338400,115.62,"June 29, 22",109.32,9338400.0,-0.7,-0.60345,-0.0060345
2022-06-30,113.17,114.08,110.93,112.61,15172600,112.54,"June 30, 22",106.77,15172600.0,-0.56,-0.49483,-0.0049483
2022-07-01,112.65,114.42,111.16,114.05,10573600,113.21,"July 01, 22",108.14,10573600.0,1.4,1.24,0.0124
2022-07-05,110.77,112.71,109.3,112.62,12514200,111.54,"July 05, 22",107.73,12514200.0,1.85,1.67,0.0167
2022-07-06,111.73,112.99,110.79,111.89,10656200,111.89,"July 06, 22",107.03,10656200.0,0.16,0.1432,0.001432
2022-07-07,113.5,114.9,113.4,114.72,10347400,114.34,"July 07, 22",109.73,10347400.0,1.22,1.07,0.0107
2022-07-08,115.16,115.65,113.61,114.36,8807800,114.54,"July 08, 22",109.39,8807800.0,-0.8,-0.69469,-0.0069469
2022-07-11,113.55,114.23,112.22,112.86,7939500,113.1,"July 11, 22",107.96,7939500.0,-0.69,-0.60766,-0.0060766
2022-07-12,112.58,115.18,112.26,112.97,11250900,113.47,"July 12, 22",108.06,11250900.0,0.39,0.34642,0.0034642
2022-07-13,111.75,112.48,110.38,111.91,12979900,111.59,"July 13, 22",107.05,12979900.0,0.16,0.14318,0.0014318
2022-07-14,107.99,108.23,106.06,108.0,26204800,107.43,"July 14, 22",103.31,26204800.0,0.01,0.00926012,9.26012e-05
2022-07-15,109.16,113.88,107.67,112.95,18863900,111.5,"July 15, 22",108.04,18863900.0,3.79,3.47,0.0347
2022-07-18,114.77,115.84,111.29,111.79,13977900,112.97,"July 18, 22",106.93,13977900.0,-2.98,-2.6,-0.026
2022-07-19,113.13,114.94,112.67,114.56,11862300,114.06,"July 19, 22",109.58,11862300.0,1.43,1.26,0.0126
2022-07-20,114.1,114.74,113.48,114.54,11667500,114.25,"July 20, 22",109.56,11667500.0,0.44,0.38563,0.0038563
2022-07-21,114.44,115.53,113.37,115.32,11595900,114.74,"July 21, 22",110.31,11595900.0,0.88,0.76896,0.0076896
2022-07-22,115.24,116.25,113.67,114.76,7645500,114.89,"July 22, 22",109.77,7645500.0,-0.48,-0.41652,-0.0041652
2022-07-25,115.84,116.46,114.77,115.22,9394000,115.48,"July 25, 22",110.21,9394000.0,-0.62,-0.53522,-0.0053522
2022-07-26,114.58,115.58,113.03,113.42,10675100,114.01,"July 26, 22",108.49,10675100.0,-1.16,-1.01,-0.0101
2022-07-27,114.01,115.74,113.3,115.24,9337400,114.76,"July 27, 22",110.23,9337400.0,1.23,1.08,0.0108
2022-07-28,115.25,115.98,113.53,114.81,10384800,114.77,"July 28, 22",109.82,10384800.0,-0.44,-0.38178,-0.0038178
2022-07-29,115.59,116.5,114.79,115.36,12944500,115.55,"July 29, 22",110.35,12944500.0,-0.23,-0.19898,-0.0019898
2022-08-01,114.5,115.11,113.07,114.21,14740400,114.13,"August 01, 22",109.25,14740400.0,-0.29,-0.25328,-0.0025328
2022-08-02,113.92,114.4,112.27,112.43,14942900,113.03,"August 02, 22",107.54,14942900.0,-1.49,-1.31,-0.0131
2022-08-03,113.45,114.1,111.71,113.61,14394500,113.14,"August 03, 22",108.67,14394500.0,0.16,0.14103,0.0014103
2022-08-04,112.85,113.32,111.02,112.36,18033900,112.23,"August 04, 22",107.48,18033900.0,-0.49,-0.4342,-0.004342
2022-08-05,112.53,116.19,112.05,115.76,14174600,114.67,"August 05, 22",110.73,14174600.0,3.23,2.87,0.0287
2022-08-08,116.25,116.7,114.18,114.35,10332500,115.08,"August 08, 22",109.38,10332500.0,-1.9,-1.63,-0.0163
2022-08-09,114.75,115.99,114.37,115.38,10233800,115.25,"August 09, 22",110.37,10233800.0,0.63,0.54902,0.0054902
2022-08-10,117.96,119.37,117.5,118.39,12847300,118.42,"August 10, 22",113.25,12847300.0,0.43,0.36453,0.0036453
2022-08-11,119.9,121.2,119.31,120.14,11684900,120.22,"August 11, 22",114.92,11684900.0,0.24,0.20017,0.0020017
2022-08-12,120.67,122.25,119.44,122.13,9906700,121.27,"August 12, 22",116.82,9906700.0,1.46,1.21,0.0121
2022-08-15,121.14,122.72,120.6,122.46,8456200,121.93,"August 15, 22",117.14,8456200.0,1.32,1.09,0.0109
2022-08-16,122.29,124.24,121.87,123.63,9555000,123.25,"August 16, 22",118.26,9555000.0,1.34,1.1,0.011
2022-08-17,122.3,123.16,121.69,122.59,8149300,122.48,"August 17, 22",117.26,8149300.0,0.29,0.23712,0.0023712
2022-08-18,122.24,122.47,120.55,121.64,9531800,121.55,"August 18, 22",116.35,9531800.0,-0.6,-0.49084,-0.0049084
2022-08-19,120.62,120.99,118.11,118.63,13464500,119.24,"August 19, 22",113.47,13464500.0,-1.99,-1.65,-0.0165
2022-08-22,116.75,117.16,115.5,116.67,8967600,116.44,"August 22, 22",111.6,8967600.0,-0.08,-0.06852248,-0.0006852248
2022-08-23,116.69,117.29,115.38,115.52,7607000,116.06,"August 23, 22",110.5,7607000.0,-1.17,-1.0,-0.01
2022-08-24,115.29,116.41,114.45,115.8,9771300,115.55,"August 24, 22",110.77,9771300.0,0.51,0.44236,0.0044236
2022-08-25,116.16,118.74,115.68,118.55,10758900,117.66,"August 25, 22",113.4,10758900.0,2.39,2.06,0.0206
2022-08-26,119.46,119.99,114.6,114.67,11276200,116.42,"August 26, 22",109.69,11276200.0,-4.79,-4.01,-0.0401
2022-08-29,114.0,114.86,113.46,114.39,8117300,114.24,"August 29, 22",109.42,8117300.0,0.39,0.34211,0.0034211
2022-08-30,115.0,115.58,113.36,114.41,10745400,114.45,"August 30, 22",109.44,10745400.0,-0.59,-0.51304,-0.0051304
2022-08-31,114.48,115.03,113.34,113.73,10738300,114.03,"August 31, 22",108.79,10738300.0,-0.75,-0.65514,-0.0065514
2022-09-01,113.29,114.63,111.91,114.51,9979800,113.68,"September 01, 22",109.53,9979800.0,1.22,1.08,0.0108
2022-09-02,115.87,117.45,113.19,113.71,10666600,114.78,"September 02, 22",108.77,10666600.0,-2.16,-1.86,-0.0186
2022-09-06,114.33,114.75,112.07,113.74,9751900,113.52,"September 06, 22",108.8,9751900.0,-0.59,-0.51605,-0.0051605
2022-09-07,113.13,116.11,112.76,115.9,10647900,114.92,"September 07, 22",110.86,10647900.0,2.77,2.45,0.0245
2022-09-08,115.28,118.79,114.63,118.6,11435000,117.34,"September 08, 22",113.45,11435000.0,3.32,2.88,0.0288
2022-09-09,119.14,120.05,118.67,119.17,9299700,119.3,"September 09, 22",113.99,9299700.0,0.03,0.02518046,0.0002518046
2022-09-12,120.62,121.55,119.79,120.58,8614600,120.64,"September 12, 22",115.34,8614600.0,-0.04,-0.033162,-0.00033162
2022-09-13,118.07,118.92,115.78,116.39,12904600,117.03,"September 13, 22",111.33,12904600.0,-1.68,-1.42,-0.0142
2022-09-14,116.7,117.84,114.88,116.12,9345700,116.28,"September 14, 22",111.07,9345700.0,-0.58,-0.497,-0.00497
2022-09-15,116.12,119.38,115.76,117.87,10821400,117.67,"September 15, 22",112.75,10821400.0,1.75,1.51,0.0151
2022-09-16,117.39,117.4,115.37,117.08,14844100,116.62,"September 16, 22",111.99,14844100.0,-0.31,-0.26408,-0.0026408
2022-09-19,116.0,118.73,115.51,118.16,8201300,117.47,"September 19, 22",113.03,8201300.0,2.16,1.86,0.0186
2022-09-20,117.41,117.69,114.64,115.83,9619000,116.05,"September 20, 22",110.8,9619000.0,-1.58,-1.35,-0.0135
2022-09-21,116.54,116.6,112.42,112.49,12606300,113.84,"September 21, 22",107.6,12606300.0,-4.05,-3.48,-0.0348
2022-09-22,113.38,113.6,111.07,111.21,11684500,111.96,"September 22, 22",106.38,11684500.0,-2.17,-1.91,-0.0191
2022-09-23,110.05,110.34,107.16,109.14,18138600,108.88,"September 23, 22",104.4,18138600.0,-0.91,-0.8269,-0.008269
2022-09-26,108.0,109.61,106.06,106.79,15753600,107.49,"September 26, 22",102.15,15753600.0,-1.21,-1.12,-0.0112
2022-09-27,107.75,108.17,104.65,105.85,12793600,106.22,"September 27, 22",101.25,12793600.0,-1.9,-1.76,-0.0176
2022-09-28,105.95,108.73,105.64,107.99,12762600,107.45,"September 28, 22",103.3,12762600.0,2.04,1.93,0.0193
2022-09-29,106.95,107.28,104.4,106.16,12713900,105.95,"September 29, 22",101.55,12713900.0,-0.79,-0.73866,-0.0073866
2022-09-30,106.06,107.62,104.4,104.5,15973400,105.51,"September 30, 22",99.96,15973400.0,-1.56,-1.47,-0.0147
2022-10-03,105.62,108.36,104.46,107.73,12248100,106.85,"October 03, 22",103.05,12248100.0,2.11,2.0,0.02
2022-10-04,110.61,112.99,109.86,112.77,16013600,111.87,"October 04, 22",107.87,16013600.0,2.16,1.95,0.0195
2022-10-05,109.75,110.95,108.83,110.39,10943500,110.06,"October 05, 22",106.54,10943500.0,0.64,0.58314,0.0058314
2022-10-06,109.46,110.19,107.94,108.14,11521400,108.76,"October 06, 22",104.37,11521400.0,-1.32,-1.21,-0.0121
2022-10-07,107.52,107.71,105.27,105.98,11681100,106.32,"October 07, 22",102.28,11681100.0,-1.54,-1.43,-0.0143
2022-10-10,106.73,107.31,104.52,104.99,8931700,105.61,"October 10, 22",101.33,8931700.0,-1.74,-1.63,-0.0163
2022-10-11,104.37,104.54,101.85,101.96,12739700,102.78,"October 11, 22",98.4,12739700.0,-2.41,-2.31,-0.0231
2022-10-12,101.8,104.73,101.28,103.61,13181000,103.21,"October 12, 22",99.99,13181000.0,1.81,1.78,0.0178
2022-10-13,101.98,109.9,101.76,109.37,22398700,107.01,"October 13, 22",105.55,22398700.0,7.39,7.25,0.0725
2022-10-14,111.96,115.24,110.72,111.19,33387100,112.38,"October 14, 22",107.31,33387100.0,-0.77,-0.68775,-0.0068775
2022-10-17,115.41,117.01,114.32,115.86,22276300,115.73,"October 17, 22",111.82,22276300.0,0.45,0.38991,0.0038991
2022-10-18,119.66,120.14,116.96,118.84,21539700,118.65,"October 18, 22",114.69,21539700.0,-0.82,-0.68527,-0.0068527
2022-10-19,117.99,118.83,115.67,116.51,17072000,117.0,"October 19, 22",112.44,17072000.0,-1.48,-1.25,-0.0125
2022-10-20,117.16,118.71,115.65,116.13,12207400,116.83,"October 20, 22",112.08,12207400.0,-1.03,-0.87914,-0.0087914
2022-10-21,116.46,122.39,116.33,122.23,20593300,120.32,"October 21, 22",117.96,20593300.0,5.77,4.95,0.0495
2022-10-24,122.07,123.1,121.33,122.38,12624200,122.27,"October 24, 22",118.11,12624200.0,0.31,0.25395,0.0025395
2022-10-25,121.85,123.27,120.89,122.7,11289100,122.29,"October 25, 22",118.42,11289100.0,0.85,0.69758,0.0069758
2022-10-26,123.0,125.2,122.88,124.11,11667000,124.06,"October 26, 22",119.78,11667000.0,1.11,0.90244,0.0090244
2022-10-27,125.2,126.2,124.21,124.6,10727600,125.0,"October 27, 22",120.25,10727600.0,-0.6,-0.47923,-0.0047923
2022-10-28,125.29,126.28,124.05,126.08,11859500,125.47,"October 28, 22",121.68,11859500.0,0.79,0.63054,0.0063054
2022-10-31,125.7,127.43,125.59,125.88,13295200,126.3,"October 31, 22",121.49,13295200.0,0.18,0.1432,0.001432
2022-11-01,126.87,128.28,126.33,128.15,13386900,127.59,"November 01, 22",123.68,13386900.0,1.28,1.01,0.0101
2022-11-02,127.65,130.36,126.64,126.97,16546100,127.99,"November 02, 22",122.54,16546100.0,-0.68,-0.53271,-0.0053271
2022-11-03,126.31,128.18,125.91,127.2,12474400,127.1,"November 03, 22",122.76,12474400.0,0.89,0.70462,0.0070462
2022-11-04,129.49,130.83,128.46,130.68,14953200,129.99,"November 04, 22",126.12,14953200.0,1.19,0.91899,0.0091899
2022-11-07,131.0,132.29,130.48,131.37,12011200,131.38,"November 07, 22",126.79,12011200.0,0.37,0.28244,0.0028244
2022-11-08,131.24,132.06,130.14,131.45,9884100,131.22,"November 08, 22",126.86,9884100.0,0.21,0.16001,0.0016001
2022-11-09,131.32,131.43,129.22,129.74,9494000,130.13,"November 09, 22",125.21,9494000.0,-1.58,-1.2,-0.012
2022-11-10,132.63,135.25,132.53,135.08,16351600,134.29,"November 10, 22",130.37,16351600.0,2.45,1.85,0.0185
2022-11-11,135.19,136.17,133.78,135.3,10704700,135.08,"November 11, 22",130.58,10704700.0,0.11,0.08136697,0.0008136697
2022-11-14,134.8,135.73,133.91,133.91,11085600,134.52,"November 14, 22",129.24,11085600.0,-0.89,-0.66024,-0.0066024
2022-11-15,134.68,135.71,131.6,132.94,14038300,133.42,"November 15, 22",128.3,14038300.0,-1.74,-1.29,-0.0129
2022-11-16,133.0,133.56,132.03,133.12,7893400,132.9,"November 16, 22",128.47,7893400.0,0.12,0.09022556,0.0009022556
2022-11-17,132.0,132.89,131.28,132.54,8820200,132.24,"November 17, 22",127.91,8820200.0,0.54,0.40909,0.0040909
2022-11-18,134.57,134.67,132.28,133.84,9468500,133.6,"November 18, 22",129.17,9468500.0,-0.73,-0.54247,-0.0054247
2022-11-21,133.74,134.56,132.75,133.05,7800500,133.45,"November 21, 22",128.41,7800500.0,-0.69,-0.51593,-0.0051593
2022-11-22,134.0,135.27,133.69,135.04,9185700,134.67,"November 22, 22",130.33,9185700.0,1.04,0.77612,0.0077612
2022-11-23,134.94,136.5,134.86,136.48,7316200,135.95,"November 23, 22",131.72,7316200.0,1.54,1.14,0.0114
2022-11-25,136.48,137.14,136.06,136.74,3220500,136.65,"November 25, 22",131.97,3220500.0,0.26,0.1905,0.001905
2022-11-28,136.07,136.71,134.19,134.35,9906900,135.08,"November 28, 22",129.66,9906900.0,-1.72,-1.26,-0.0126
2022-11-29,134.66,136.64,134.41,136.56,7925300,135.87,"November 29, 22",131.79,7925300.0,1.9,1.41,0.0141
2022-11-30,136.09,138.18,133.19,138.18,14761200,136.52,"November 30, 22",133.36,14761200.0,2.09,1.54,0.0154
2022-12-01,138.18,138.66,135.43,136.24,8858500,136.78,"December 01, 22",131.49,8858500.0,-1.94,-1.4,-0.014
2022-12-02,134.49,135.35,133.34,135.16,8931900,134.62,"December 02, 22",130.44,8931900.0,0.67,0.49818,0.0049818
2022-12-05,134.24,134.57,130.6,131.37,10154500,132.18,"December 05, 22",126.79,10154500.0,-2.87,-2.14,-0.0214
2022-12-06,133.39,135.11,129.87,131.59,13966700,132.19,"December 06, 22",127.0,13966700.0,-1.8,-1.35,-0.0135
2022-12-07,131.31,133.08,130.33,131.5,11739400,131.64,"December 07, 22",126.91,11739400.0,0.19,0.1447,0.001447
2022-12-08,132.33,132.98,131.43,132.88,8907300,132.43,"December 08, 22",128.24,8907300.0,0.55,0.41563,0.0041563
2022-12-09,132.2,133.76,132.0,132.16,7957800,132.64,"December 09, 22",127.55,7957800.0,-0.04,-0.03025719,-0.0003025719
2022-12-12,132.4,134.65,131.6,134.21,8841600,133.49,"December 12, 22",129.53,8841600.0,1.81,1.37,0.0137
2022-12-13,136.89,137.09,133.08,134.08,10025400,134.75,"December 13, 22",129.4,10025400.0,-2.81,-2.05,-0.0205
2022-12-14,133.78,135.71,132.76,133.41,9966100,133.96,"December 14, 22",128.75,9966100.0,-0.37,-0.27657,-0.0027657
2022-12-15,131.15,132.08,129.05,130.1,12087800,130.41,"December 15, 22",125.56,12087800.0,-1.05,-0.80061,-0.0080061
2022-12-16,129.15,129.9,128.43,129.29,21133700,129.21,"December 16, 22",124.78,21133700.0,0.14,0.1084,0.001084
2022-12-19,129.65,131.33,129.09,130.06,9017200,130.16,"December 19, 22",125.52,9017200.0,0.41,0.31624,0.0031624
2022-12-20,130.97,132.05,130.2,130.69,8549900,130.98,"December 20, 22",126.13,8549900.0,-0.28,-0.21379,-0.0021379
2022-12-21,132.18,132.98,131.77,132.16,8051700,132.3,"December 21, 22",127.55,8051700.0,-0.02,-0.01513088,-0.0001513088
2022-12-22,131.1,131.3,128.41,130.66,8648200,130.12,"December 22, 22",126.1,8648200.0,-0.44,-0.33562,-0.0033562
2022-12-23,130.58,131.44,129.64,131.28,5091900,130.79,"December 23, 22",126.7,5091900.0,0.7,0.53607,0.0053607
2022-12-27,131.57,132.22,130.55,131.74,5411000,131.5,"December 27, 22",127.14,5411000.0,0.17,0.12921,0.0012921
2022-12-28,131.85,133.41,131.01,132.46,8827700,132.29,"December 28, 22",127.84,8827700.0,0.61,0.46265,0.0046265
2022-12-29,132.93,133.27,132.31,133.22,6585200,132.93,"December 29, 22",128.57,6585200.0,0.29,0.21816,0.0021816
2022-12-30,132.81,134.33,132.44,134.1,9292500,133.62,"December 30, 22",129.42,9292500.0,1.29,0.97131,0.0097131
